1,1,Subil
2,1,North Gunaighor
3,1,South Gunaighor
4,1,Boroshalghor
5,1,Rajameher
6,1,Yousufpur
7,1,Rasulpur
8,1,Fatehabad
9,1,Elahabad
10,1,Jafargonj
11,1,Dhampti
12,1,Mohanpur
13,1,Vani
14,1,Barkamta
15,1,Sultanpur
16,2,Aganagar
17,2,Bhabanipur
18,2,North Khoshbas
19,2,South Khoshbas
20,2,Jhalam
21,2,Chitodda
22,2,North Shilmuri
23,2,South Shilmuri
24,2,Galimpur
25,2,Shakpur
26,2,Bhaukshar
27,2,Adda
28,2,Adra
29,2,Payalgacha
30,2,Laxmipur
31,3,Shidli
32,3,Chandla
33,3,Shashidal
34,3,Dulalpur
35,3,Brahmanpara Sadar
36,3,Shahebabad
37,3,Malapara
38,3,Madhabpur
39,4,Shuhilpur
40,4,Bataghashi
41,4,Joag
42,4,Borcarai
43,4,Madhaiya
44,4,Dollai Nowabpur
45,4,Mohichial
46,4,Gollai
47,4,Keronkhal
48,4,Maijkhar
49,4,Etberpur
50,4,Barera
51,4,Borcoit
52,5,Sreepur
53,5,Kashinagar
54,5,Kalikapur
55,5,Shuvapur
56,5,Ghulpasha
57,5,Moonshirhat
58,5,Batisha
59,5,Kankapait
60,5,Cheora
61,5,Jagannatdighi
62,5,Goonabati
63,5,Alkara
64,6,Doulotpur
65,6,Daudkandi
66,6,North Eliotgonj
67,6,South Eliotgonj
68,6,Zinglatoli
69,6,Sundolpur
70,6,Gouripur
71,6,East Mohammadpur
72,6,West Mohammadpur
73,6,Goalmari
74,6,Maruka
75,6,Betessor
76,6,Podua
77,6,West Passgacia
78,6,Baropara
79,7,Mathabanga
80,7,Gagutiea
81,7,Asadpur
82,7,Chanderchor
83,7,Vashania
84,7,Nilokhi
85,7,Garmora
86,7,Joypur
87,7,Dulalpur
88,8,Bakoi
89,8,Mudafargonj
90,8,Kandirpar
91,8,Gobindapur
92,8,Uttarda
93,8,Laksam Purba
94,8,Azgora
95,9,Sreekil
96,9,Akubpur
97,9,Andicot
98,9,Purbadair (East)
99,9,Purbadair (West)
100,9,Bangara (East)
101,9,Bangara (West)
102,9,Chapitala
103,9,Camalla
104,9,Jatrapur
105,9,Ramachandrapur (North)
106,9,Ramachandrapur (South)
107,9,Muradnagar Sadar
108,9,Nobipur (East)
109,9,Nobipur (West)
110,9,Damgar
111,9,Jahapur
112,9,Salikandi
113,9,Darura
114,9,Paharpur
115,9,Babutipara
116,9,Tanki
117,10,Bangadda
118,10,Paria
119,10,Raykot
120,10,Mokara
121,10,Makrabpur
122,10,Heshakhal
123,10,Adra
124,10,Judda
125,10,Dhalua
126,10,Doulkha
127,10,Boxgonj
128,10,Satbaria
129,11,Kalirbazer
130,11,North Durgapur
131,11,South Durgapur
132,11,Amratoli
133,11,Panchthubi
134,11,Jagannatpur
135,12,Chandanpur
136,12,Chalibanga
137,12,Radanagar
138,12,Manikarchar
139,12,Barakanda
140,12,Govindapur
141,12,Luterchar
142,12,Vaorkhola
143,13,Baishgaon
144,13,Shoroshpur
145,13,Hasnabad
146,13,Jholam (North)
147,13,Jholam (South)
148,13,Moishatua
149,13,Lokkhanpur
150,13,Khela
151,13,Uttarhowla
152,13,Natherpetua
153,13,Bipulashar
154,14,Chuwara
155,14,Baropara
156,14,Jorkanoneast
157,14,Goliara
158,14,Jorkanonwest
159,14,Bagmara (North)
160,14,Bagmara (South)
161,14,Bhuloin (North)
162,14,Bhuloin (South)
163,14,Belgor (North)
164,14,Belgor (South)
165,14,Perul (North)
166,14,Perul (South)
167,14,Bijoypur
168,15,Satani
169,15,Jagatpur
170,15,Balorampur
171,15,Karikandi
172,15,Kalakandi
173,15,Vitikandi
174,15,Narayandia
175,15,Zearkandi
176,15,Majidpur
177,16,Moynamoti
178,16,Varella
179,16,Mokam
180,16,Burichang Sadar
181,16,Bakshimul
182,16,Pirjatrapur
183,16,Sholonal
184,16,Rajapur
185,17,Bagmara (North)
186,17,Bagmara (South)
187,17,Bhuloin (North)
188,17,Bhuloin (South)
189,17,Belgor (North)
190,17,Belgor (South)
191,17,Perul (North)
192,17,Perul (South)
193,18,Mohamaya
194,18,Pathannagar
195,18,Subhapur
196,18,Radhanagar
197,18,Gopal
198,19,Sarishadi
199,19,Panchgachia
200,19,Dhormapur
201,19,Kazirbag
202,19,Kalidah
203,19,Baligaon
204,19,Dholia
205,19,Lemua
206,19,Chonua
207,19,Motobi
208,19,Fazilpur
209,19,Forhadnogor
210,20,Charmozlishpur
211,20,Bogadana
212,20,Motigonj
213,20,Mongolkandi
214,20,Chardorbesh
215,20,Chorchandia
216,20,Sonagazi
217,20,Amirabad
218,20,Nababpur
219,21,Fulgazi
220,21,Munshirhat
221,21,Dorbarpur
222,21,Anandopur
223,21,Amzadhat
224,21,Gmhat
225,22,Mizanagar
226,22,Ctholia
227,22,Boxmahmmud
228,23,Sindurpur
229,23,Rajapur
230,23,Purbachandrapur
231,23,Ramnagar
232,23,Yeakubpur
233,23,Daganbhuiyan
234,23,Matubhuiyan
235,23,Jayloskor
236,24,Basudeb
237,24,Machihata
238,24,Sultanpur
239,24,Ramrail
240,24,Sadekpur
241,24,Talsahar
242,24,Natai
243,24,Natai
244,24,Shuhilpur
245,24,Bodhal
246,24,Majlishpur
247,25,Mulagram
248,25,Mehari
249,25,Badair
250,25,Kharera
251,25,Benauty
252,25,Gopinathpur
253,25,Kasbaw
254,25,Kuti
255,25,Kayempur
256,25,Bayek
257,26,Chatalpar
258,26,Bhalakut
259,26,Kunda
260,26,Goalnagar
261,26,Nasirnagar
262,26,Burishwar
263,26,Fandauk
264,26,Goniauk
265,26,Chapartala
266,26,Dharnondol
267,26,Haripur
268,26,Purbabhag
269,26,Gokarna
270,27,Auraol
271,27,Pakshimuul
272,27,Chunta
273,27,Kalikaccha
274,27,Panishor
275,27,Sarail
276,27,Noagoun
277,27,Shahajadapur
278,27,Shahbazpur
279,28,Ashuganj
280,28,Charchartala
281,28,Durgapur
282,28,Araishidha
283,28,Talshaharw
284,28,Sarifpur
285,28,Lalpur
286,28,Tarua
287,29,Monionda
288,29,Dharkhar
289,29,Mogra
290,29,Akhauran
291,29,Akhauras
292,30,Barail
293,30,Birgaon
294,30,Krishnanagar
295,30,Nathghar
296,30,Biddayakut
297,30,Nabinagare
298,30,Nabinagarw
299,30,Bitghar
300,30,Shibpur
301,30,Sreerampur
302,30,Jinudpur
303,30,Laurfatehpur
304,30,Ibrahimpur
305,30,Satmura
306,30,Shamogram
307,30,Rasullabad
308,30,Barikandi
309,30,Salimganj
310,30,Ratanpur
311,30,Kaitala (North)
312,30,Kaitala (South)
313,31,Tazkhali
314,31,Pahariya Kandi
315,31,Dariadulat
316,31,Sonarampur
317,31,Darikandi
318,31,Saifullyakandi
319,31,Bancharampur
320,31,Ayabpur
321,31,Fardabad
322,31,Rupushdi
323,31,Salimabad
324,31,Ujanchar
325,31,Manikpur
326,32,Bhudanty
327,32,Chandura
328,32,Ichapura
329,32,Champaknagar
330,32,Harashpur
331,32,Pattan
332,32,Singerbil
333,32,Bishupor
334,32,Charislampur
335,32,Paharpur
336,33,Jibtali
337,33,Sapchari
338,33,Kutukchari
339,33,Bandukbhanga
340,33,Balukhali
341,33,Mogban
342,34,Raikhali
343,34,Kaptai
344,34,Wagga
345,34,Chandraghona
346,34,Chitmorom
347,35,Ghagra
348,35,Fatikchari
349,35,Betbunia
350,35,Kalampati
351,36,Sajek
352,36,Amtali
353,36,Bongoltali
354,36,Rupokari
355,36,Marisha
356,36,Khedarmara
357,36,Sharoyatali
358,36,Baghaichari
359,37,Subalong
360,37,Barkal
361,37,Bushanchara
362,37,Aimachara
363,37,Borohorina
364,38,Langad
365,38,Maeinimukh
366,38,Vasannadam
367,38,Bogachattar
368,38,Gulshakhali
369,38,Kalapakujja
370,38,Atarakchara
371,39,Ghilachari
372,39,Gaindya
373,39,Bangalhalia
374,40,Kengrachari
375,40,Belaichari
376,40,Farua
377,41,Juraichari
378,41,Banajogichara
379,41,Moidong
380,41,Dumdumya
381,42,Sabekkhong
382,42,Naniarchar
383,42,Burighat
384,42,Ghilachhari
385,43,Charmatua
386,43,Dadpur
387,43,Noannoi
388,43,Kadirhanif
389,43,Binodpur
390,43,Dharmapur
391,43,Aujbalia
392,43,Kaladara
393,43,Ashwadia
394,43,Newajpur
395,43,East Charmatua
396,43,Andarchar
397,43,Noakhali
398,44,Sirajpur
399,44,Charparboti
400,44,Charhazari
401,44,Charkakra
402,44,Charfakira
403,44,Musapur
404,44,Charelahi
405,44,Rampur
406,45,Amanullapur
407,45,Gopalpur
408,45,Jirtali
409,45,Kutubpur
410,45,Alyearpur
411,45,Chayani
412,45,Rajganj
413,45,Eklashpur
414,45,Begumganj
415,45,Mirwarishpur
416,45,Narottampur
417,45,Durgapur
418,45,Rasulpur
419,45,Hajipur
420,45,Sharifpur
421,45,Kadirpur
422,46,Sukhchar
423,46,Nolchira
424,46,Charishwar
425,46,Charking
426,46,Tomoroddi
427,46,Sonadiya
428,46,Burirchar
429,46,Jahajmara
430,46,Nijhumdwi
431,47,Charjabbar
432,47,Charbata
433,47,Charclerk
434,47,Charwapda
435,47,Charjubilee
436,47,Charaman Ullah
437,47,East Charbata
438,47,Mohammadpur
439,48,Narottampur
440,48,Dhanshiri
441,48,Sundalpur
442,48,Ghoshbag
443,48,Chaprashirhat
444,48,Dhanshalik
445,48,Batoiya
446,49,Chhatarpaia
447,49,Kesharpar
448,49,Dumurua
449,49,Kadra
450,49,Arjuntala
451,49,Kabilpur
452,49,Mohammadpur
453,49,Nabipur
454,49,Bejbagh
455,50,Sahapur
456,50,Ramnarayanpur
457,50,Porokote
458,50,Badalkot
459,50,Panchgaon
460,50,Hat-Pukuria Ghatlabag
461,50,Noakhala
462,50,Khilpara
463,50,Mohammadpur
464,51,Joyag
465,51,Nodona
466,51,Chashirhat
467,51,Barogaon
468,51,Ambarnagor
469,51,Nateshwar
470,51,Bajra
471,51,Sonapur
472,51,Deoti
473,51,Amishapara
474,52,Gazipur
475,52,Algidurgapur (North)
476,52,Algidurgapur (South)
477,52,Nilkamal
478,52,Haimchar
479,52,Charbhairabi
480,53,Pathair
481,53,Bitara
482,53,Shohodebpur (East)
483,53,Shohodebpur (West)
484,53,Kachua (North)
485,53,Kachua (South)
486,53,Gohat (North)
487,53,Kadla
488,53,Ashrafpur
489,53,Gohat (South)
490,53,Sachar
491,53,Koroia
492,54,Tamta (South)
493,54,Tamta (North)
494,54,Meher (North)
495,54,Meher (South)
496,54,Suchipara (North)
497,54,Suchipara (South)
498,54,Chitoshi (East)
499,54,Raysree (South)
500,54,Raysree (North)
501,54,Chitoshiwest
502,55,Bishnapur
503,55,Ashikati
504,55,Shahmahmudpur
505,55,Kalyanpur
506,55,Rampur
507,55,Maishadi
508,55,Tarpurchandi
509,55,Baghadi
510,55,Laxmipur Model
511,55,Hanarchar
512,55,Chandra
513,55,Rajrajeshwar
514,55,Ibrahimpur
515,55,Balia
516,56,Nayergaon (North)
517,56,Nayergaon (South)
518,56,Khadergaon
519,56,Narayanpur
520,56,Upadi (South)
521,56,Upadi (North)
522,57,Rajargaon (North)
523,57,Bakila
524,57,Kalocho (North)
525,57,Hajiganj Sadar
526,57,Kalocho (South)
527,57,Barkul (East)
528,57,Barkul (West)
529,57,Hatila (East)
530,57,Hatila (West)
531,57,Gandharbapur (North)
532,57,Gandharbapur (South)
533,58,Satnal
534,58,Banganbari
535,58,Sadullapur
536,58,Durgapur
537,58,Kalakanda
538,58,Mohanpur
539,58,Eklaspur
540,58,Jahirabad
541,58,Fatehpur (East)
542,58,Fatehpur (West)
543,58,Farajikandi
544,58,Islamabad
545,58,Sultanabad
546,58,Gazra
547,59,Balithuba (West)
548,59,Balithuba (East)
549,59,Subidpur (East)
550,59,Subidpur (West)
551,59,Gupti (West)
552,59,Gupti (East)
553,59,Paikpara (North)
554,59,Paikpara (South)
555,59,Gobindapur (North)
556,59,Gobindapur (South)
557,59,Chardukhia (East)
558,59,Chardukhia (West)
559,59,Faridgonj (South)
560,59,Rupsha (South)
561,59,Rupsha (North)
562,60,Hamsadi (North)
563,60,Hamsadi (South)
564,60,Dalalbazar
565,60,Charruhita
566,60,Parbotinagar
567,60,Bangakha
568,60,Dattapara
569,60,Basikpur
570,60,Chandrogonj
571,60,Nourthjoypur
572,60,Hazirpara
573,60,Charshahi
574,60,Digli
575,60,Laharkandi
576,60,Vobanigonj
577,60,Kusakhali
578,60,Sakchor
579,60,Tearigonj
580,60,Tumchor
581,60,Charramoni Mohon
582,61,Charkalkini
583,61,Shaheberhat
584,61,Char Martin
585,61,Char Folcon
586,61,Patarirhat
587,61,Hajirhat
588,61,Char Kadira
589,61,Torabgonj
590,61,Charlorench
591,62,North Char Ababil
592,62,North Char Bangshi
593,62,Char Mohana
594,62,Sonapur
595,62,Charpata
596,62,Bamni
597,62,South Char Bangshi
598,62,South Char Ababil
599,62,Raipur
600,62,Keora
601,63,Char Poragacha
602,63,Charbadam
603,63,Char Abdullah
604,63,Alxendar
605,63,Char Algi
606,63,Char Ramiz
607,63,Borokheri
608,63,Chargazi
609,64,Kanchanpur
610,64,Noagaon
611,64,Bhadur
612,64,Ichhapur
613,64,Chandipur
614,64,Lamchar
615,64,Darbeshpur
616,64,Karpara
617,64,Bholakot
618,64,Bhatra
619,65,Rajanagar
620,65,Hosnabad
621,65,Swanirbor Rangunia
622,65,Mariumnagar
623,65,Parua
624,65,Pomra
625,65,Betagi
626,65,Sharafbhata
627,65,Shilok
628,65,Chandraghona
629,65,Kodala
630,65,Islampur
631,65,South Rajanagar
632,65,Lalanagar
633,66,Kumira
634,66,Banshbaria
635,66,Barabkunda
636,66,Bariadyala
637,66,Muradpur
638,66,Saidpur
639,66,Salimpur
640,66,Sonaichhari
641,66,Bhatiari
642,67,Korerhat
643,67,Hinguli
644,67,Jorarganj
645,67,Dhoom
646,67,Osmanpur
647,67,Ichakhali
648,67,Katachhara
649,67,Durgapur
650,67,Mirsharai
651,67,Mithanala
652,67,Maghadia
653,67,Khaiyachhara
654,67,Mayani
655,67,Haitkandi
656,67,Wahedpur
657,67,Saherkhali
658,68,Asia
659,68,Kachuai
660,68,Kasiais
661,68,Kusumpura
662,68,Kelishahar
663,68,Kolagaon
664,68,Kharana
665,68,Char Patharghata
666,68,Char Lakshya
667,68,Chanhara
668,68,Janglukhain
669,68,Jiri
670,68,Juldha
671,68,Dakkhin Bhurshi
672,68,Dhalghat
673,68,Bara Uthan
674,68,Baralia
675,68,Bhatikhain
676,68,Sikalbaha
677,68,Sobhandandi
678,68,Habilasdwi
679,68,Haidgaon
680,69,Rahmatpur
681,69,Harispur
682,69,Kalapania
683,69,Amanullah
684,69,Santoshpur
685,69,Gachhua
686,69,Bauria
687,69,Haramia
688,69,Magdhara
689,69,Maitbhanga
690,69,Sarikait
691,69,Musapur
692,69,Azimpur
693,69,Urirchar
694,70,Pukuria
695,70,Sadhanpur
696,70,Khankhanabad
697,70,Baharchhara
698,70,Kalipur
699,70,Bailchhari
700,70,Katharia
701,70,Saral
702,70,Silk
703,70,Chambal
704,70,Gandamara
705,70,Sekherkhil
706,70,Puichhari
707,70,Chhanua
708,71,Kandhurkhil
709,71,Pashchim Gamdandi
710,71,Purba Gomdandi
711,71,Sakpura
712,71,Saroatali
713,71,Popadia
714,71,Charandwi
715,71,Sreepur-Kharandwi
716,71,Amuchia
717,71,Ahla Karaldenga
718,72,Boirag
719,72,Barasat
720,72,Raipur
721,72,Battali
722,72,Barumchara
723,72,Baroakhan
724,72,Anwara
725,72,Chatari
726,72,Paraikora
727,72,Haildhar
728,72,Juidandi
729,73,Kanchanabad
730,73,Joara
731,73,Barkal
732,73,Barama
733,73,Bailtali
734,73,Satbaria
735,73,Hashimpur
736,73,Dohazari
737,73,Dhopachhari
738,74,Charati
739,74,Khagaria
740,74,Nalua
741,74,Kanchana
742,74,Amilaisi
743,74,Eochiai
744,74,Madarsa
745,74,Dhemsa
746,74,Paschim Dhemsa
747,74,Keochia
748,74,Kaliais
749,74,Bazalia
750,74,Puranagar
751,74,Sadaha
752,74,Satkania
753,74,Sonakania
754,75,Padua
755,75,Barahatia
756,75,Amirabad
757,75,Charamba
758,75,Kalauzan
759,75,Lohagara
760,75,Putibila
761,75,Chunati
762,75,Adhunagar
763,76,Farhadabad
764,76,Dhalai
765,76,Mirjapur
766,76,Nangolmora
767,76,Gomanmordan
768,76,Chipatali
769,76,Mekhal
770,76,Garduara
771,76,Fathepur
772,76,Chikondandi
773,76,Uttar Madrasha
774,76,Dakkin Madrasha
775,76,Sikarpur
776,76,Budirchar
777,76,Hathazari
778,77,Dharmapur
779,77,Baganbazar
780,77,Dantmara
781,77,Narayanhat
782,77,Bhujpur
783,77,Harualchari
784,77,Paindong
785,77,Kanchannagor
786,77,Sunderpur
787,77,Suabil
788,77,Abdullapur
789,77,Samitirhat
790,77,Jafathagar
791,77,Bokhtapur
792,77,Roshangiri
793,77,Nanupur
794,77,Lelang
795,77,Daulatpur
796,78,Raozan
797,78,Bagoan
798,78,Binajuri
799,78,Chikdair
800,78,Dabua
801,78,Purbagujra
802,78,Paschim Gujra
803,78,Gohira
804,78,Holdia
805,78,Kodolpur
806,78,Noapara
807,78,Pahartali
808,78,Urkirchar
809,78,Nowajushpur
810,79,Char Patharghata
811,79,Char Lakshya
812,79,Juldha
813,79,Barauthan
814,79,Sikalbaha
815,80,Islamabad
816,80,Islampur
817,80,Pokkhali
818,80,Eidgaon
819,80,Jalalabad
820,80,Chowfaldandi
821,80,Varuakhali
822,80,Pmkhali
823,80,Khurushkhul
824,80,Jhilongjha
825,81,Kakhara
826,81,Kaiar Bil
827,81,Konakhali
828,81,Khuntakhali
829,81,Chiringa
830,81,Demusia
831,81,Dulahazara
832,81,Paschim Bara Bheola
833,81,Badarkhali
834,81,Bamobil Chari
835,81,Baraitali
836,81,Bheola Manik Char
837,81,Saharbil
838,81,Surajpur Manikpur
839,81,Harbang
840,81,Fashiakhali
841,82,Ali Akbar Deil
842,82,Uttar Dhurung
843,82,Kaiyarbil
844,82,Dakshi Dhurung
845,82,Baragho
846,82,Lemsikhali
847,83,Rajapalong
848,83,Jaliapalong
849,83,Holdiapalong
850,83,Ratnapalong
851,83,Palongkhali
852,84,Boro Moheshkhali
853,84,Choto Moheshkhali
854,84,Shaplapur
855,84,Kutubjum
856,84,Hoanak
857,84,Kalarmarchhara
858,84,Matarbari
859,84,Dhalghata
860,85,Ujantia
861,85,Taitong
862,85,Pekua
863,85,Barabakia
864,85,Magnama
865,85,Rajakhali
866,85,Shilkhali
867,86,Fotekharkul
868,86,Rajarkul
869,86,Rashidnagar
870,86,Khuniapalong
871,86,Eidghar
872,86,Chakmarkul
873,86,Kacchapia
874,86,Kauwarkho
875,86,Dakkhin Mithachhari
876,86,Jouarianala
877,86,Garjoniya
878,87,Subrang
879,87,Baharchara
880,87,Hnila
881,87,Whykong
882,87,Saintmartin
883,87,Teknaf Sadar
884,88,Khagrachhari Sadar
885,88,Golabari
886,88,Parachara
887,88,Kamalchari
888,89,Merung
889,89,Boalkhali
890,89,Kabakhali
891,89,Dighinala
892,89,Babuchara
893,90,Logang
894,90,Changi
895,90,Panchari
896,90,Latiban
897,91,Dullyatali
898,91,Barmachari
899,91,Laxmichhari
900,92,Bhaibonchara
901,92,Mahalchari
902,92,Mobachari
903,92,Kayanghat
904,92,Maischari
905,93,Manikchari
906,93,Batnatali
907,93,Jogyachola
908,93,Tintahari
909,94,Ramgarh
910,94,Patachara
911,94,Hafchari
912,95,Taindong
913,95,Tabalchari
914,95,Barnal
915,95,Gomti
916,95,Balchari
917,95,Matiranga
918,95,Guimara
919,95,Amtali
920,97,Rajbila
921,97,Tongkaboty
922,97,Suwalok
923,97,Bandarban Sadar
924,97,Kuhalong
925,98,Alikadam Sadar
926,98,Chwekhyong
927,99,Naikhyongchari Sadar
928,99,Gumdhum
929,99,Baishari
930,99,Sonaychari
931,99,Duwchari
932,100,Rowangchari Sadar
933,100,Taracha
934,100,Alekyong
935,100,Nawapotong
936,101,Gajalia
937,101,Lama Sadar
938,101,Fasiakhali
939,101,Fythong
940,101,Rupushipara
941,101,Sarai
942,101,Aziznagar
943,102,Paind
944,102,Ruma Sadar
945,102,Ramakreprangsa
946,102,Galanggya
947,103,Remakre
948,103,Tind
949,103,Thanchi Sadar
950,103,Balipara
951,104,Rajapur
952,104,Baradhul
953,104,Belkuchi Sadar
954,104,Dhukuriabera
955,104,Doulatpur
956,104,Bhangabari
957,105,Baghutia
958,105,Gharjan
959,105,Khaskaulia
960,105,Khaspukuria
961,105,Omarpur
962,105,Sadia Chandpur
963,105,Sthal
964,106,Bhadraghat
965,106,Jamtail
966,106,Jhawail
967,106,Roydaulatpur
968,107,Chalitadangha
969,107,Chargirish
970,107,Gandail
971,107,Kazipur Sadar
972,107,Khasrajbari
973,107,Maijbari
974,107,Monsur Nagar
975,107,Natuarpara
976,107,Nishchintapur
977,107,Sonamukhi
978,107,Subhagacha
979,107,Tekani
980,108,Brommogacha
981,108,Chandaikona
982,108,Dhamainagar
983,108,Dhangora
984,108,Dhubil
985,108,Ghurka
986,108,Nalka
987,108,Pangashi
988,108,Sonakhara
989,109,Beltail
990,109,Jalalpur
991,109,Kayempure
992,109,Garadah
993,109,Potazia
994,109,Rupbati
995,109,Gala
996,109,Porzona
997,109,Habibullah Nagar
998,109,Khukni
999,109,Koizuri
1000,109,Sonatoni
1001,109,Narina
1002,110,Bagbati
1003,110,Ratankandi
1004,110,Bohuli
1005,110,Sheyalkol
1006,110,Khokshabari
1007,110,Songacha
1008,110,Mesra
1009,110,Kowakhola
1010,110,Kaliahoripur
1011,110,Soydabad
1012,111,Baruhas
1013,111,Talam
1014,111,Soguna
1015,111,Magura Binod
1016,111,Naogaon
1017,111,Tarash Sadar
1018,111,Madhainagar
1019,111,Deshigram
1020,112,Ullapara Sadar
1021,112,Ramkrisnopur
1022,112,Bangala
1023,112,Udhunia
1024,112,Boropangashi
1025,112,Durga Nagar
1026,112,Purnimagati
1027,112,Salanga
1028,112,Hatikumrul
1029,112,Borohor
1030,112,Ponchocroshi
1031,112,Salo
1032,112,Mohonpur
1033,113,Vaina
1034,113,Tantibonda
1035,113,Manikhat
1036,113,Dulai
1037,113,Ahammadpur
1038,113,Raninagar
1039,113,Satbaria
1040,113,Hatkhali
1041,113,Nazirganj
1042,113,Sagorkandi
1043,114,Sara
1044,114,Pakshi
1045,114,Muladuli
1046,114,Dashuria
1047,114,Silimpur
1048,114,Sahapur
1049,114,Luxmikunda
1050,115,Bhangura
1051,115,Khanmarich
1052,115,Ashtamanisha
1053,115,Dilpasar
1054,115,Parbhangura
1055,116,Maligachha
1056,116,Malanchi
1057,116,Gayeshpur
1058,116,Ataikula
1059,116,Chartarapur
1060,116,Sadullahpur
1061,116,Bharara
1062,116,Dogachi
1063,116,Hemayetpur
1064,116,Dapunia
1065,117,Haturia Nakalia
1066,117,Notun Varenga
1067,117,Koitola
1068,117,Chakla
1069,117,Jatsakhini
1070,117,Puran Varenga
1071,117,Ruppur
1072,117,Masumdia
1073,117,Dhalar Char
1074,118,Majhpara
1075,118,Chandba
1076,118,Debottar
1077,118,Ekdanta
1078,118,Laxshmipur
1079,119,Handial
1080,119,Chhaikola
1081,119,Nimaichara
1082,119,Gunaigachha
1083,119,Parshadanga
1084,119,Failjana
1085,119,Mulgram
1086,119,Haripur
1087,119,Mothurapur
1088,119,Bilchalan
1089,119,Danthia Bamangram
1090,120,Nagdemra
1091,120,Dhulauri
1092,120,Bhulbaria
1093,120,Dhopadaha
1094,120,Karamja
1095,120,Kashinathpur
1096,120,Gaurigram
1097,120,Nandanpur
1098,120,Khetupara
1099,120,Ar-Ataikula
1100,121,Brilahiribari
1101,121,Pungali
1102,121,Faridpur
1103,121,Hadal
1104,121,Banwarinagar
1105,121,Demra
1106,122,Birkedar
1107,122,Kalai
1108,122,Paikar
1109,122,Narhatta
1110,122,Murail
1111,122,Kahaloo
1112,122,Durgapur
1113,122,Jamgaon
1114,122,Malancha
1115,123,Fapore
1116,123,Shabgram
1117,123,Nishindara
1118,123,Erulia
1119,123,Rajapur
1120,123,Shakharia
1121,123,Sekherkola
1122,123,Gokul
1123,123,Noongola
1124,123,Lahiripara
1125,123,Namuja
1126,124,Sariakandi Sadar
1127,124,Narchi
1128,124,Bohail
1129,124,Chaluabari
1130,124,Chandanbaisha
1131,124,Hatfulbari
1132,124,Hatsherpur
1133,124,Karnibari
1134,124,Kazla
1135,124,Kutubpur
1136,124,Kamalpur
1137,124,Bhelabari
1138,125,Asekpur
1139,125,Madla
1140,125,Majhira
1141,125,Aria
1142,125,Kharna
1143,125,Khottapara
1144,125,Chopinagar
1145,125,Amrul
1146,125,Gohail
1147,126,Zianagar
1148,126,Chamrul
1149,126,Dupchanchia
1150,126,Gunahar
1151,126,Gobindapur
1152,126,Talora
1153,127,Chhatiangram
1154,127,Nasaratpur
1155,127,Adamdighi
1156,127,Kundagram
1157,127,Chapapur
1158,127,Shantahar
1159,128,Burail
1160,128,Nandigram
1161,128,Bhatra
1162,128,Thalta Majhgram
1163,128,Bhatgram
1164,129,Sonatala
1165,129,Balua
1166,129,Zorgacha
1167,129,Digdair
1168,129,Madhupur
1169,129,Pakulla
1170,129,Tekani Chukinagar
1171,130,Nimgachi
1172,130,Kalerpara
1173,130,Chikashi
1174,130,Gossainbari
1175,130,Bhandarbari
1176,130,Gopalnagar
1177,130,Mothurapur
1178,130,Chowkibari
1179,130,Elangi
1180,130,Dhunat Sadar
1181,131,Baliadighi
1182,131,Dakshinpara
1183,131,Durgahata
1184,131,Kagail
1185,131,Sonarai
1186,131,Rameshwarpur
1187,131,Naruamala
1188,131,Nepaltali
1189,131,Gabtali
1190,131,Mahishaban
1191,131,Nasipur
1192,132,Mirzapur
1193,132,Khamarkandi
1194,132,Garidaha
1195,132,Kusumbi
1196,132,Bishalpur
1197,132,Shimabari
1198,132,Shahbondegi
1199,132,Sughat
1200,132,Khanpur
1201,132,Bhabanipur
1202,133,Moidanhatta
1203,133,Kichok
1204,133,Atmul
1205,133,Pirob
1206,133,Majhihatta
1207,133,Buriganj
1208,133,Bihar
1209,133,Shibganj
1210,133,Deuly
1211,133,Sayedpur
1212,133,Mokamtala
1213,133,Raynagar
1214,134,Darsanpara
1215,134,Hujuripara
1216,134,Damkura
1217,134,Horipur
1218,134,Horogram
1219,134,Harian
1220,134,Borgachi
1221,134,Parila
1222,135,Naopara
1223,135,Kismatgankoir
1224,135,Pananagar
1225,135,Deluabari
1226,135,Jhaluka
1227,135,Maria
1228,135,Joynogor
1229,136,Dhuroil
1230,136,Ghasigram
1231,136,Raighati
1232,136,Mougachi
1233,136,Baksimoil
1234,136,Jahanabad
1235,137,Yousufpur
1236,137,Solua
1237,137,Sardah
1238,137,Nimpara
1239,137,Charghat
1240,137,Vialuxmipur
1241,138,Puthia
1242,138,Belpukuria
1243,138,Baneswar
1244,138,Valukgachi
1245,138,Shilmaria
1246,138,Jewpara
1247,139,Bajubagha
1248,139,Gorgori
1249,139,Pakuria
1250,139,Monigram
1251,139,Bausa
1252,139,Arani
1253,140,Godagari
1254,140,Mohonpur
1255,140,Pakri
1256,140,Risikul
1257,140,Gogram
1258,140,Matikata
1259,140,Dewpara
1260,140,Basudebpur
1261,140,Asariadaha
1262,141,Kalma
1263,141,Badhair
1264,141,Panchandar
1265,141,Saranjai
1266,141,Talondo
1267,141,Kamargaon
1268,141,Chanduria
1269,142,Gobindopara
1270,142,Nordas
1271,142,Dippur
1272,142,Borobihanoli
1273,142,Auchpara
1274,142,Sreepur
1275,142,Basupara
1276,142,Kacharikoalipara
1277,142,Suvodanga
1278,142,Mariaup
1279,142,Ganipur
1280,142,Zhikara
1281,142,Gualkandi
1282,142,Hamirkutsa
1283,142,Jogipara
1284,142,Sonadanga
1285,143,Brahmapur
1286,143,Madhnagar
1287,143,Khajura
1288,143,Piprul
1289,143,Biprobelghoria
1290,143,Chhatni
1291,143,Tebaria
1292,143,Dighapatia
1293,143,Luxmipurkholabaria
1294,143,Barahorispur
1295,143,Kaphuria
1296,143,Halsa
1297,144,Sukash
1298,144,Dahia
1299,144,Italy
1300,144,Kalam
1301,144,Chamari
1302,144,Hatiandaha
1303,144,Lalore
1304,144,Sherkole
1305,144,Tajpur
1306,144,Chaugram
1307,144,Chhatardighi
1308,144,Ramanandakhajura
1309,145,Joari
1310,145,Baraigram
1311,145,Zonail
1312,145,Nagor
1313,145,Majgoan
1314,145,Gopalpur
1315,145,Chandai
1316,146,Panka
1317,146,Jamnagor
1318,146,Bagatipara
1319,146,Dayarampur
1320,146,Faguardiar
1321,147,Lalpur
1322,147,Iswardi
1323,147,Chongdhupoil
1324,147,Arbab
1325,147,Bilmaria
1326,147,Duaria
1327,147,Oalia
1328,147,Durduria
1329,147,Arjunpur
1330,147,Kadimchilan
1331,148,Nazirpur
1332,148,Biaghat
1333,148,Khubjipur
1334,148,Dharabarisha
1335,148,Moshindha
1336,148,Chapila
1337,150,Rukindipur
1338,150,Sonamukhi
1339,150,Tilakpur
1340,150,Raikali
1341,150,Gopinathpur
1342,151,Matrai
1343,151,Ahammedabad
1344,151,Punot
1345,151,Zindarpur
1346,151,Udaipur
1347,152,Alampur
1348,152,Borail
1349,152,Tulshiganga
1350,152,Mamudpur
1351,152,Boratara
1352,153,Bagjana
1353,153,Dharanji
1354,153,Aymarasulpur
1355,153,Balighata
1356,153,Atapur
1357,153,Mohammadpur
1358,153,Aolai
1359,153,Kusumba
1360,154,Amdai
1361,154,Bamb
1362,154,Dogachi
1363,154,Puranapail
1364,154,Jamalpur
1365,154,Chakborkat
1366,154,Mohammadabad
1367,154,Dhalahar
1368,154,Bhadsha
1369,155,Alatuli
1370,155,Baroghoria
1371,155,Moharajpur
1372,155,Ranihati
1373,155,Baliadanga
1374,155,Gobratola
1375,155,Jhilim
1376,155,Char Anupnagar
1377,155,Debinagar
1378,155,Shahjahanpur
1379,155,Islampur
1380,155,Charbagdanga
1381,155,Narayanpur
1382,155,Sundarpur
1383,156,Radhanagar
1384,156,Rahanpur
1385,156,Boalia
1386,156,Bangabari
1387,156,Parbotipur
1388,156,Chowdala
1389,156,Gomostapur
1390,156,Alinagar
1391,157,Fhotepur
1392,157,Kosba
1393,157,Nezampur
1394,157,Nachol
1395,158,Bholahat
1396,158,Jambaria
1397,158,Gohalbari
1398,158,Daldoli
1399,159,Binodpur
1400,159,Chakkirti
1401,159,Daipukuria
1402,159,Dhainagar
1403,159,Durlovpur
1404,159,Ghorapakhia
1405,159,Mobarakpur
1406,159,Monakasha
1407,159,Noyalavanga
1408,159,Panka
1409,159,Chatrajitpur
1410,159,Shahabajpur
1411,159,Shyampur
1412,159,Kansat
1413,159,Ujirpur
1414,160,1nomohadevpur
1415,160,Hatur
1416,160,Khajur
1417,160,Chandas
1418,160,Enayetpur
1419,160,Sofapur
1420,160,Uttargram
1421,160,Cheragpur
1422,160,Vimpur
1423,160,Roygon
1424,161,Badalgachi
1425,161,Mothurapur
1426,161,Paharpur
1427,161,Mithapur
1428,161,Kola
1429,161,Bilashbari
1430,161,Adhaipur
1431,161,Balubhara
1432,162,Patnitala
1433,162,Nirmail
1434,162,Dibar
1435,162,Akbarpur
1436,162,Matindar
1437,162,Krishnapur
1438,162,Patichrara
1439,162,Nazipur
1440,162,Ghasnagar
1441,162,Amair
1442,162,Shihara
1443,163,Dhamoirhat
1444,163,Alampur
1445,163,Umar
1446,163,Aranagar
1447,163,Jahanpur
1448,163,Isabpur
1449,163,Khelna
1450,163,Agradigun
1451,164,Hajinagar
1452,164,Chandannagar
1453,164,Bhabicha
1454,164,Niamatpur
1455,164,Rasulpur
1456,164,Paroil
1457,164,Sremantapur
1458,164,Bahadurpur
1459,165,Varsho
1460,165,Valain
1461,165,Paranpur
1462,165,Manda
1463,165,Goneshpur
1464,165,Moinom
1465,165,Proshadpur
1466,165,Kosomba
1467,165,Tetulia
1468,165,Nurullabad
1469,165,Kalikapur
1470,165,Kashopara
1471,165,Koshob
1472,165,Bisnopur
1473,166,Shahagola
1474,166,Bhonpara
1475,166,Ahsanganj
1476,166,Panchupur
1477,166,Bisha
1478,166,Maniary
1479,166,Kalikapur
1480,166,Hatkalupara
1481,167,Khatteshawr
1482,167,Kashimpur
1483,167,Gona
1484,167,Paroil
1485,167,Borgoca
1486,167,Kaligram
1487,167,Ekdala
1488,167,Mirat
1489,168,Barshail
1490,168,Kritipur
1491,168,Baktiarpur
1492,168,Tilakpur
1493,168,Hapaniya
1494,168,Dubalhati
1495,168,Boalia
1496,168,Hashaigari
1497,168,Chandipur
1498,168,Bolihar
1499,168,Shekerpur
1500,168,Shailgachhi
1501,169,Nitpur
1502,169,Tetulia
1503,169,Chhaor
1504,169,Ganguria
1505,169,Ghatnagar
1506,169,Moshidpur
1507,170,Sapahar
1508,170,Tilna
1509,170,Aihai
1510,170,Shironti
1511,170,Goala
1512,170,Patari
1513,171,Nehalpur
1514,171,Hariharnagar
1515,171,Haridaskati
1516,171,Shyamkur
1517,171,Rohita
1518,171,Maswimnagar
1519,171,Manoharpur
1520,171,Manirampur
1521,171,Bhojgati
1522,171,Durbadanga
1523,171,Dhakuria
1524,171,Jhanpa
1525,171,Chaluahati
1526,171,Khedapara
1527,171,Khanpur
1528,171,Kultia
1529,171,Kashimnagar
1530,172,Baghutia
1531,172,Chalishia
1532,172,Sundoli
1533,172,Siddhipasha
1534,172,Sreedharpur
1535,172,Subharara
1536,172,Prambag
1537,172,Payra
1538,173,Jaharpur
1539,173,Jamdia
1540,173,Darajhat
1541,173,Dhalgram
1542,173,Narikelbaria
1543,173,Bandabilla
1544,173,Basuari
1545,173,Roypur
1546,173,Dohakula
1547,174,Chougachha
1548,174,Jagadishpur
1549,174,Dhuliani
1550,174,Narayanpur
1551,174,Patibila
1552,174,Pashapole
1553,174,Fulsara
1554,174,Singhajhuli
1555,174,Sukpukhuria
1556,174,Swarupdaha
1557,174,Hakimpur
1558,175,Gangananda
1559,175,Gadkhali
1560,175,Jhikargachha
1561,175,Nabharan
1562,175,Nibaskhola
1563,175,Panisara
1564,175,Bankra
1565,175,Shankarpur
1566,175,Shimulia
1567,175,Hajirbagh
1568,175,Magura
1569,176,Sufalakati
1570,176,Sagardari
1571,176,Majidpur
1572,176,Mongolkot
1573,176,Bidyanandakati
1574,176,Panjia
1575,176,Trimohini
1576,176,Gaurighona
1577,176,Keshabpur
1578,177,Lebutala
1579,177,Ichhali
1580,177,Arabpur
1581,177,Upasahar
1582,177,Kachua
1583,177,Kashimpur
1584,177,Chanchra
1585,177,Churamankati
1586,177,Narendrapur
1587,177,Noapara
1588,177,Fathehpur
1589,177,Basundia
1590,177,Ramnagar
1591,177,Haibatpur
1592,177,Dearamodel
1593,178,Ulshi
1594,178,Sharsha
1595,178,Lakshmanpur
1596,178,Benapole
1597,178,Bahadurpur
1598,178,Bagachra
1599,178,Putkhali
1600,178,Nizampur
1601,178,Dihi
1602,178,Goga
1603,178,Kayba
1604,179,Anulia
1605,179,Assasuni
1606,179,Kadakati
1607,179,Kulla
1608,179,Khajra
1609,179,Durgapur
1610,179,Pratapnagar
1611,179,Budhhata
1612,179,Baradal
1613,179,Sreeula
1614,179,Sobhnali
1615,180,Kulia
1616,180,Debhata
1617,180,Noapara
1618,180,Parulia
1619,180,Sakhipur
1620,181,Kushadanga
1621,181,Keralkata
1622,181,Keragachhi
1623,181,Kaila
1624,181,Jallabad
1625,181,Jogikhali
1626,181,Langaljhara
1627,181,Sonabaria
1628,181,Helatala
1629,181,Chandanpur
1630,181,Deara
1631,181,Joynagar
1632,182,Shibpur
1633,182,Labsa
1634,182,Bhomra
1635,182,Brahmarajpur
1636,182,Balli
1637,182,Banshdaha
1638,182,Baikari
1639,182,Fingri
1640,182,Dhulihar
1641,182,Jhaudanga
1642,182,Ghona
1643,182,Kuskhali
1644,182,Alipur
1645,182,Agardari
1646,183,Atulia
1647,183,Ishwaripur
1648,183,Kaikhali
1649,183,Kashimari
1650,183,Nurnagar
1651,183,Padmapukur
1652,183,Burigoalini
1653,183,Bhurulia
1654,183,Munshiganj
1655,183,Ramjannagar
1656,183,Shyamnagar
1657,183,Gabura
1658,184,Sarulia
1659,184,Magura
1660,184,Nagarghata
1661,184,Dhandia
1662,184,Tentulia
1663,184,Tala
1664,184,Jalalpur
1665,184,Khesra
1666,184,Khalishkhali
1667,184,Khalilnagar
1668,184,Kumira
1669,184,Islamkati
1670,185,Kushlia
1671,185,Champaphul
1672,185,Tarali
1673,185,Dakshin Sreepur
1674,185,Dhalbaria
1675,185,Nalta
1676,185,Bishnupur
1677,185,Bharasimla
1678,185,Mathureshpur
1679,185,Ratanpur
1680,185,Mautala
1681,185,Krishnanagar
1682,186,Dariapur
1683,186,Monakhali
1684,186,Bagowan
1685,186,Mohajanpur
1686,187,Amjhupi
1687,187,Pirojpur
1688,187,Kutubpur
1689,187,Amdah
1690,187,Buripota
1691,188,Tentulbaria
1692,188,Kazipur
1693,188,Bamondi
1694,188,Motmura
1695,188,Sholotaka
1696,188,Shaharbati
1697,188,Dhankolla
1698,188,Raipur
1699,188,Kathuli
1700,189,Sheikhati
1701,189,Tularampur
1702,189,Kalora
1703,189,Shahabad
1704,189,Bashgram
1705,189,Habokhali
1706,189,Maijpara
1707,189,Bisali
1708,189,Chandiborpur
1709,189,Bhadrabila
1710,189,Auria
1711,189,Singasholpur
1712,189,Mulia
1713,190,Lohagora
1714,190,Kashipur
1715,190,Naldi
1716,190,Noagram
1717,190,Lahuria
1718,190,Mallikpur
1719,190,Salnagar
1720,190,Lakshmipasha
1721,190,Joypur
1722,190,Kotakol
1723,190,Digholia
1724,190,Itna
1725,191,Jaynagor
1726,191,Pahordanga
1727,191,Babrahasla
1728,191,Salamabad
1729,191,Baioshona
1730,191,Chacuri
1731,191,Hamidpur
1732,191,Peroli
1733,191,Khashial
1734,191,Purulia
1735,191,Kalabaria
1736,191,Mauli
1737,191,Boronaleliasabad
1738,191,Panchgram
1739,192,Alukdia
1740,192,Mominpur
1741,192,Titudah
1742,192,Shankarchandra
1743,192,Begumpur
1744,192,Kutubpur
1745,192,Padmabila
1746,193,Bhangbaria
1747,193,Baradi
1748,193,Gangni
1749,193,Khadimpur
1750,193,Jehala
1751,193,Belgachi
1752,193,Dauki
1753,193,Jamjami
1754,193,Nagdah
1755,193,Kashkorara
1756,193,Chitla
1757,193,Kalidashpur
1758,193,Kumari
1759,193,Hardi
1760,193,Ailhash
1761,194,Damurhuda
1762,194,Karpashdanga
1763,194,Natipota
1764,194,Hawli
1765,194,Kurulgachhi
1766,194,Perkrishnopur Madna
1767,194,Juranpur
1768,195,Uthali
1769,195,Andulbaria
1770,195,Banka
1771,195,Shimanto
1772,195,Raypur
1773,195,Hasadah
1774,196,Hatash Haripur
1775,196,Barkhada
1776,196,Mazampur
1777,196,Bottail
1778,196,Alampur
1779,196,Ziaraakhi
1780,196,Ailchara
1781,196,Patikabari
1782,196,Jhaudia
1783,196,Ujangram
1784,196,Abdulpur
1785,196,Harinarayanpur
1786,196,Monohardia
1787,196,Goswami Durgapur
1788,197,Kaya
1789,197,Jagonnathpur
1790,197,Sadki
1791,197,Shelaidah
1792,197,Nandolalpur
1793,197,Chapra
1794,197,Bagulat
1795,197,Jaduboyra
1796,197,Chadpur
1797,197,Panti
1798,197,Charsadipur
1799,198,Khoksa
1800,198,Osmanpur
1801,198,Janipur
1802,198,Shimulia
1803,198,Joyntihazra
1804,198,Ambaria
1805,198,Bethbaria
1806,198,Shomospur
1807,198,Gopgram
1808,199,Chithalia
1809,199,Bahalbaria
1810,199,Talbaria
1811,199,Baruipara
1812,199,Fulbaria
1813,199,Amla
1814,199,Sadarpur
1815,199,Chhatian
1816,199,Poradaha
1817,199,Kursha
1818,199,Ambaria
1819,199,Dhubail
1820,199,Malihad
1821,200,Daulatpur
1822,200,Adabaria
1823,200,Hogolbaria
1824,200,Boalia
1825,200,Philipnagor
1826,200,Aria
1827,200,Khalishakundi
1828,200,Chilmary
1829,200,Mothurapur
1830,200,Pragpur
1831,200,Piarpur
1832,200,Moricha
1833,200,Refaitpur
1834,200,Ramkrishnopur
1835,201,Dharampur
1836,201,Bahirchar
1837,201,Mukarimpur
1838,201,Juniadah
1839,201,Chandgram
1840,201,Bahadurpur
1841,202,Dhaneshwargati
1842,202,Talkhari
1843,202,Arpara
1844,202,Shatakhali
1845,202,Shalikha
1846,202,Bunagati
1847,202,Gongarampur
1848,203,Goyespur
1849,203,Sreekol
1850,203,Dariapur
1851,203,Kadirpara
1852,203,Shobdalpur
1853,203,Sreepur
1854,203,Nakol
1855,203,Amalshar
1856,204,Hazipur
1857,204,Atharokhada
1858,204,Kosundi
1859,204,Bogia
1860,204,Hazrapur
1861,204,Raghobdair
1862,204,Jagdal
1863,204,Chawlia
1864,204,Satrijitpur
1865,204,Baroilpolita
1866,204,Kuchiamora
1867,204,Gopalgram
1868,204,Moghi
1869,205,Digha
1870,205,Nohata
1871,205,Palashbaria
1872,205,Babukhali
1873,205,Balidia
1874,205,Binodpur
1875,205,Mohammadpur
1876,205,Rajapur
1877,206,Horidhali
1878,206,Goroikhali
1879,206,Kopilmuni
1880,206,Lota
1881,206,Deluti
1882,206,Loskor
1883,206,Godaipur
1884,206,Raruli
1885,206,Chandkhali
1886,206,Soladana
1887,207,Fultola
1888,207,Damodar
1889,207,Atra Gilatola
1890,207,Jamira
1891,208,Senhati
1892,208,Gajirhat
1893,208,Barakpur
1894,208,Aronghata
1895,208,Jogipol
1896,208,Digholia
1897,209,Aichgati
1898,209,Srifoltola
1899,209,Noihati
1900,209,Tsb
1901,209,Ghatvog
1902,210,Terokhada
1903,210,Chagladoho
1904,210,Barasat
1905,210,Sochiadaho
1906,210,Modhupur
1907,210,Ajgora
1908,211,Dumuria
1909,211,Magurghona
1910,211,Vandarpara
1911,211,Sahos
1912,211,Rudaghora
1913,211,Ghutudia
1914,211,Shovna
1915,211,Khornia
1916,211,Atlia
1917,211,Dhamalia
1918,211,Raghunathpur
1919,211,Rongpur
1920,211,Shorafpur
1921,211,Magurkhali
1922,212,Botiaghata
1923,212,Amirpur
1924,212,Gongarampur
1925,212,Surkhali
1926,212,Vandarkot
1927,212,Baliadanga
1928,212,Jolma
1929,213,Dakop
1930,213,Bajua
1931,213,Kamarkhola
1932,213,Tildanga
1933,213,Sutarkhali
1934,213,Laudoba
1935,213,Pankhali
1936,213,Banishanta
1937,213,Koilashgonj
1938,214,Koyra
1939,214,Moharajpur
1940,214,Moheswaripur
1941,214,North Bedkashi
1942,214,South Bedkashi
1943,214,Amadi
1944,214,Bagali
1945,215,Betaga
1946,215,Lakhpur
1947,215,Fakirhat
1948,215,Bahirdia-Mansa
1949,215,Piljanga
1950,215,Naldha-Mouvhog
1951,215,Mulghar
1952,215,Suvhadia
1953,216,Karapara
1954,216,Bamorta
1955,216,Gotapara
1956,216,Bishnapur
1957,216,Baruipara
1958,216,Jatharapur
1959,216,Shaitgomboj
1960,216,Khanpur
1961,216,Rakhalgachi
1962,216,Dema
1963,217,Udoypur
1964,217,Chunkhola
1965,217,Gangni
1966,217,Kulia
1967,217,Gaola
1968,217,Kodalia
1969,217,Atjuri
1970,218,Dhanshagor
1971,218,Khontakata
1972,218,Rayenda
1973,218,Southkhali
1974,219,Gouramva
1975,219,Uzzalkur
1976,219,Baintala
1977,219,Rampal
1978,219,Rajnagar
1979,219,Hurka
1980,219,Perikhali
1981,219,Vospatia
1982,219,Mollikerbar
1983,219,Bastoli
1984,220,Teligati
1985,220,Panchakaran
1986,220,Putikhali
1987,220,Daibagnyahati
1988,220,Ramchandrapur
1989,220,Chingrakhali
1990,220,Jiudhara
1991,220,Hoglapasha
1992,220,Banagram
1993,220,Balaibunia
1994,220,Hoglabunia
1995,220,Baharbunia
1996,220,Morrelganj
1997,220,Khaulia
1998,220,Nishanbaria
1999,220,Baraikhali
2000,221,Gojalia
2001,221,Dhopakhali
2002,221,Moghia
2003,221,Kachua
2004,221,Gopalpur
2005,221,Raripara
2006,221,Badhal
2007,222,Burrirdangga
2008,222,Mithakhali
2009,222,Sonailtala
2010,222,Chadpai
2011,222,Chila
2012,222,Sundarban
2013,223,Barobaria
2014,223,Kalatala
2015,223,Hizla
2016,223,Shibpur
2017,223,Chitalmari
2018,223,Charbaniri
2019,223,Shantoshpur
2020,224,Sadhuhati
2021,224,Modhuhati
2022,224,Saganna
2023,224,Halidhani
2024,224,Kumrabaria
2025,224,Ganna
2026,224,Maharazpur
2027,224,Paglakanai
2028,224,Porahati
2029,224,Harishongkorpur
2030,224,Padmakar
2031,224,Dogachhi
2032,224,Furshondi
2033,224,Ghorshal
2034,224,Kalicharanpur
2035,224,Surat
2036,224,Naldanga
2037,225,Tribeni
2038,225,Mirzapur
2039,225,Dignagore
2040,225,Kancherkol
2041,225,Sarutia
2042,225,Hakimpur
2043,225,Dhaloharachandra
2044,225,Manoharpur
2045,225,Bogura
2046,225,Abaipur
2047,225,Nityanandapur
2048,225,Umedpur
2049,225,Dudshar
2050,225,Fulhari
2051,226,Bhayna
2052,226,Joradah
2053,226,Taherhuda
2054,226,Daulatpur
2055,226,Kapashatia
2056,226,Falsi
2057,226,Raghunathpur
2058,226,Chandpur
2059,227,Sundarpurdurgapur
2060,227,Jamal
2061,227,Kola
2062,227,Niamatpur
2063,227,Simla-Rokonpur
2064,227,Trilochanpur
2065,227,Raygram
2066,227,Maliat
2067,227,Barabazar
2068,227,Kashtabhanga
2069,227,Rakhalgachhi
2070,228,Sabdalpur
2071,228,Dora
2072,228,Kushna
2073,228,Baluhar
2074,228,Elangi
2075,229,Sbk
2076,229,Fatepur
2077,229,Panthapara
2078,229,Swaruppur
2079,229,Shyamkur
2080,229,Nepa
2081,229,Kazirber
2082,229,Banshbaria
2083,229,Jadabpur
2084,229,Natima
2085,229,Manderbaria
2086,229,Azampur
2087,230,Basanda
2088,230,Binoykati
2089,230,Gabharamchandrapur
2090,230,Keora
2091,230,Kirtipasha
2092,230,Nabagram
2093,230,Nathullabad
2094,230,Ponabalia
2095,230,Sekherhat
2096,230,Gabkhandhansiri
2097,231,Amua
2098,231,Awrabunia
2099,231,Chenchrirampur
2100,231,Kanthalia
2101,231,Patikhalghata
2102,231,Shaulajalia
2103,232,Subidpur
2104,232,Siddhakati
2105,232,Ranapasha
2106,232,Nachanmohal
2107,232,Mollahat
2108,232,Magar
2109,232,Kusanghal
2110,232,Kulkathi
2111,232,Dapdapia
2112,232,Bharabpasha
2113,233,Suktagarh
2114,233,Saturia
2115,233,Mathbari
2116,233,Galua
2117,233,Baraia
2118,233,Rajapur
2119,234,Adabaria
2120,234,Bauphal
2121,234,Daspara
2122,234,Kalaiya
2123,234,Nawmala
2124,234,Najirpur
2125,234,Madanpura
2126,234,Boga
2127,234,Kanakdia
2128,234,Shurjamoni
2129,234,Keshabpur
2130,234,Dhulia
2131,234,Kalisuri
2132,234,Kachipara
2133,235,Laukathi
2134,235,Lohalia
2135,235,Kamalapur
2136,235,Jainkathi
2137,235,Kalikapur
2138,235,Badarpur
2139,235,Itbaria
2140,235,Marichbunia
2141,235,Auliapur
2142,235,Chotobighai
2143,235,Borobighai
2144,235,Madarbunia
2145,236,Pangasia
2146,236,Muradia
2147,236,Labukhali
2148,236,Angaria
2149,236,Sreerampur
2150,237,Bashbaria
2151,237,Rangopaldi
2152,237,Alipur
2153,237,Betagi Shankipur
2154,237,Dashmina
2155,237,Baharampur
2156,238,Chakamaia
2157,238,Tiakhali
2158,238,Lalua
2159,238,Dhankhali
2160,238,Mithagonj
2161,238,Nilgonj
2162,238,Dulaser
2163,238,Latachapli
2164,238,Mahipur
2165,238,Dalbugonj
2166,238,Baliatali
2167,238,Champapur
2168,239,Madhabkhali
2169,239,Mirzaganj
2170,239,Amragachia
2171,239,Deuli Subidkhali
2172,239,Kakrabunia
2173,239,Majidbaria
2174,240,Amkhola
2175,240,Golkhali
2176,240,Galachipa
2177,240,Panpatty
2178,240,Ratandi Taltali
2179,240,Dakua
2180,240,Chiknikandi
2181,240,Gazalia
2182,240,Charkajol
2183,240,Charbiswas
2184,240,Bakulbaria
2185,240,Kalagachhia
2186,241,Rangabali
2187,241,Barobaisdia
2188,241,Chattobaisdia
2189,241,Charmontaz
2190,241,Chalitabunia
2191,242,Shikder Mallik
2192,242,Kodomtala
2193,242,Durgapur
2194,242,Kolakhali
2195,242,Tona
2196,242,Shariktola
2197,242,Shankorpasa
2198,243,Mativangga
2199,243,Malikhali
2200,243,Daulbari Dobra
2201,243,Dirgha
2202,243,Kolardoania
2203,243,Sriramkathi
2204,243,Shakhmatia
2205,243,Nazirpur Sadar
2206,243,Shakharikathi
2207,244,Sayna Rogunathpur
2208,244,Amrazuri
2209,244,Kawkhali Sadar
2210,244,Chirapara
2211,244,Shialkhathi
2212,245,Balipara
2213,245,Pattashi
2214,245,Parerhat
2215,246,Vitabaria
2216,246,Nodmulla
2217,246,Telikhali
2218,246,Ekree
2219,246,Dhaoa
2220,246,Vandaria Sadar
2221,246,Gouripur
2222,247,Tuskhali
2223,247,Dhanisafa
2224,247,Mirukhali
2225,247,Tikikata
2226,247,Betmor Rajpara
2227,247,Amragachia
2228,247,Shapleza
2229,247,Daudkhali
2230,247,Mathbaria
2231,247,Baramasua
2232,247,Haltagulishakhali
2233,248,Boldia
2234,248,Sohagdal
2235,248,Atghorkuriana
2236,248,Jolabari
2237,248,Doyhary
2238,248,Guarekha
2239,248,Somudoykathi
2240,248,Sutiakathi
2241,248,Sarengkathi
2242,248,Shorupkathi
2243,249,Raipasha Karapur
2244,249,Kashipur
2245,249,Charbaria
2246,249,Shyastabad
2247,249,Charmonai
2248,249,Zagua
2249,249,Charcowa
2250,249,Chandpura
2251,249,Tungibaria
2252,249,Chandramohan
2253,250,Charamaddi
2254,250,Charade
2255,250,Darial
2256,250,Dudhal
2257,250,Durgapasha
2258,250,Faridpur
2259,250,Kabai
2260,250,Nalua
2261,250,Kalashkathi
2262,250,Garuria
2263,250,Bharpasha
2264,250,Rangasree
2265,250,Padreeshibpur
2266,250,Niamoti
2267,251,Jahangir Nagar
2268,251,Kaderpur
2269,251,Deherhoti
2270,251,Chandpasha
2271,251,Rahamtpur
2272,251,Madhbpasha
2273,252,Shatla
2274,252,Harta
2275,252,Jalla
2276,252,Otra
2277,252,Sholok
2278,252,Barakhota
2279,252,Bamrail
2280,252,Shikerpur Wazirpur
2281,252,Gouthia
2282,253,Bisharkandi
2283,253,Illuhar
2284,253,Sayedkathi
2285,253,Chakhar
2286,253,Saliabakpur
2287,253,Baishari
2288,253,Banaripara
2289,253,Udykhati
2290,254,Khanjapur
2291,254,Barthi
2292,254,Chandshi
2293,254,Mahilara
2294,254,Nalchira
2295,254,Batajore
2296,254,Sarikal
2297,255,Rajihar
2298,255,Bakal
2299,255,Bagdha
2300,255,Goila
2301,255,Ratnapur
2302,256,Andarmanik
2303,256,Lata
2304,256,Charakkorea
2305,256,Ulania
2306,256,Mehendigong
2307,256,Biddanandapur
2308,256,Bhashanchar
2309,256,Jangalia
2310,256,Alimabad
2311,256,Chandpur
2312,256,Darirchar Khajuria
2313,256,Gobindapur
2314,256,Chargopalpur
2315,257,Batamara
2316,257,Nazirpur
2317,257,Safipur
2318,257,Gaschua
2319,257,Charkalekha
2320,257,Muladi
2321,257,Kazirchar
2322,258,Harinathpur
2323,258,Memania
2324,258,Guabaria
2325,258,Barjalia
2326,258,Hizla Gourabdi
2327,258,Dhulkhola
2328,259,Razapur
2329,259,Ilisha
2330,259,Westilisa
2331,259,Kachia
2332,259,Bapta
2333,259,Dhania
2334,259,Shibpur
2335,259,Alinagor
2336,259,Charshamya
2337,259,Vhelumia
2338,259,Vheduria
2339,259,North Digholdi
2340,259,South Digholdi
2341,260,Boromanika
2342,260,Deula
2343,260,Kutuba
2344,260,Pakshia
2345,260,Kachia
2346,261,Osmangonj
2347,261,Aslampur
2348,261,Zinnagor
2349,261,Aminabad
2350,261,Nilkomol
2351,261,Charmadraj
2352,261,Awajpur
2353,261,Awajpur
2354,261,Charkolmi
2355,261,Charmanika
2356,261,Hazarigonj
2357,261,Jahanpur
2358,261,Nurabad
2359,261,Rasulpur
2360,261,Kukrimukri
2361,261,Abubakarpur
2362,261,Abdullahpur
2363,261,Nazrulnagar
2364,261,Mujibnagar
2365,261,Dalchar
2366,262,Madanpur
2367,262,Madua
2368,262,Charpata
2369,262,North Joy Nagar
2370,262,South Joy Nagar
2371,262,Char Khalipa
2372,262,Sayedpur
2373,262,Hazipur
2374,262,Vhovanipur
2375,263,Hazirhat
2376,263,Monpura
2377,263,North Sakuchia
2378,263,South Sakuchia
2379,264,Chanchra
2380,264,Shambupur
2381,264,Sonapur
2382,264,Chadpur
2383,264,Baro Molongchora
2384,265,Badarpur
2385,265,Charbhuta
2386,265,Kalma
2387,265,Dholigour Nagar
2388,265,Lalmohan
2389,265,Lord Hardinge
2390,265,Ramagonj
2391,265,Paschim Char Umed
2392,265,Farajgonj
2393,266,Amtali
2394,266,Gulishakhali
2395,266,Athrogasia
2396,266,Kukua
2397,266,Haldia
2398,266,Chotobogi
2399,266,Arpangasia
2400,266,Chowra
2401,267,M. Baliatali
2402,267,Noltona
2403,267,Bodorkhali
2404,267,Gowrichanna
2405,267,Fuljhuri
2406,267,Keorabunia
2407,267,Ayla Patakata
2408,267,Burirchor
2409,267,Dhalua
2410,267,Barguna
2411,268,Bibichini
2412,268,Betagi
2413,268,Hosnabad
2414,268,Mokamia
2415,268,Buramajumder
2416,268,Kazirabad
2417,268,Sarisamuri
2418,269,Bukabunia
2419,269,Bamna
2420,269,Ramna
2421,269,Doutola
2422,270,Raihanpur
2423,270,Nachnapara
2424,270,Charduany
2425,270,Patharghata
2426,270,Kalmegha
2427,270,Kakchira
2428,270,Kathaltali
2429,271,Karibaria
2430,271,Panchakoralia
2431,271,Barabagi
2432,271,Chhotabagi
2433,271,Nishanbaria
2434,271,Sarikkhali
2435,271,Sonakata
2436,284,Tazpur
2437,284,Umorpur
2438,284,West Poilanpur
2439,272,East Poilanpur
2440,272,Boaljur
2441,284,Burungabazar
2442,284,Goalabazar
2443,284,Doyamir
2444,284,Usmanpur
2445,272,Dewanbazar
2446,272,West Gouripur
2447,272,East Gouripur
2448,272,Balaganj
2449,284,Sadipur
2450,273,Tilpara
2451,273,Alinagar
2452,273,Charkhai
2453,273,Dubag
2454,273,Sheola
2455,273,Kurarbazar
2456,273,Mathiura
2457,273,Mullapur
2458,273,Muria
2459,273,Lauta
2460,274,Rampasha
2461,274,Lamakazi
2462,274,Khajanchi
2463,274,Alankari
2464,274,Dewkalash
2465,274,Bishwanath
2466,274,Doshghar
2467,274,Daulatpur
2468,275,Telikhal
2469,275,Islampur Paschim
2470,275,Islampur Purba
2471,275,Isakalas
2472,275,Uttor Ronikhai
2473,275,Dakkin Ronikhai
2474,276,Ghilachora
2475,276,Fenchuganj
2476,276,Uttar Kushiara
2477,276,Uttar Fenchuganj
2478,276,Maijgaon
2479,277,Golapganj
2480,277,Fulbari
2481,277,Lakshmipasha
2482,277,Budhbaribazar
2483,277,Dhakadakshin
2484,277,Sharifganj
2485,277,Uttar Badepasha
2486,277,Lakshanaband
2487,277,Bhadeshwar
2488,277,West Amura
2489,278,Fothepur
2490,278,Rustampur
2491,278,Paschim Jaflong
2492,278,Purba Jaflong
2493,278,Lengura
2494,278,Alirgaon
2495,278,Nandirgaon
2496,278,Towakul
2497,278,Daubari
2498,279,Nijpat
2499,279,Jaintapur
2500,279,Charikatha
2501,279,Darbast
2502,279,Fatehpur
2503,279,Chiknagul
2504,280,Rajagonj
2505,280,Lakshiprashad Purbo
2506,280,Lakshiprashad Pashim
2507,280,Digirpar Purbo
2508,280,Satbakh
2509,280,Barachotul
2510,280,Kanaighat
2511,280,Dakhin Banigram
2512,280,Jinghabari
2513,281,Jalalabad
2514,281,Hatkhula
2515,281,Khadimnagar
2516,281,Khadimpara
2517,281,Tultikor
2518,281,Tukerbazar
2519,281,Mugolgaon
2520,281,Kandigaon
2521,282,Manikpur
2522,282,Sultanpur
2523,282,Barohal
2524,282,Birorsri
2525,282,Kajalshah
2526,282,Kolachora
2527,282,Zakiganj
2528,282,Barothakuri
2529,282,Kaskanakpur
2530,283,Lalabazar
2531,283,Moglabazar
2532,283,Boroikandi
2533,283,Silam
2534,283,Daudpur
2535,283,Mollargaon
2536,283,Kuchai
2537,283,Kamalbazar
2538,283,Jalalpur
2539,283,Tetli
2540,285,Talimpur
2541,285,Borni
2542,285,Dasherbazar
2543,285,Nizbahadurpur
2544,285,Uttar Shahbajpur
2545,285,Dakkhin Shahbajpur
2546,285,Talimpur
2547,285,Baralekha
2548,285,Dakshinbhag Uttar
2549,285,Dakshinbhag Dakkhin
2550,285,Sujanagar
2551,286,Adampur
2552,286,Patanushar
2553,286,Madhabpur
2554,286,Rahimpur
2555,286,Shamshernagar
2556,286,Kamalgonj
2557,286,Islampur
2558,286,Munshibazar
2559,286,Alinagar
2560,287,Baramchal
2561,287,Bhukshimail
2562,287,Joychandi
2563,287,Brammanbazar
2564,287,Kadipur
2565,287,Kulaura
2566,287,Rauthgaon
2567,287,Tilagaon
2568,287,Sharifpur
2569,287,Prithimpassa
2570,287,Kormodha
2571,287,Bhatera
2572,287,Hazipur
2573,288,Amtail
2574,288,Khalilpur
2575,288,Monumukh
2576,288,Kamalpur
2577,288,Apar Kagabala
2578,288,Akhailkura
2579,288,Ekatuna
2580,288,Chadnighat
2581,288,Konokpur
2582,288,Nazirabad
2583,288,Mostafapur
2584,288,Giasnagar
2585,289,Fotepur
2586,289,Uttorbhag
2587,289,Munsibazar
2588,289,Panchgaon
2589,289,Rajnagar
2590,289,Tengra
2591,289,Kamarchak
2592,289,Munsurnagar
2593,290,Mirzapur
2594,290,Bhunabir
2595,290,Sreemangal
2596,290,Sindurkhan
2597,290,Kalapur
2598,290,Ashidron
2599,290,Rajghat
2600,290,Kalighat
2601,290,Satgaon
2602,291,Jafornagar
2603,291,West Juri
2604,291,Gualbari
2605,291,Sagornal
2606,291,Fultola
2607,291,Eastjuri
2608,292,Barabhakoir Paschim
2609,292,Barabhakoir Purba
2610,292,Inatganj
2611,292,Digholbak
2612,292,Aushkandi
2613,292,Kurshi
2614,292,Kargoan
2615,292,Nabiganj Sadar
2616,292,Bausha
2617,292,Debparra
2618,292,Gaznaipur
2619,292,Kaliarbhanga
2620,292,Paniumda
2621,293,Snanghat
2622,293,Putijuri
2623,293,Satkapon
2624,293,Bahubal Sadar
2625,293,Lamatashi
2626,293,Mirpur
2627,293,Bhadeshwar
2628,294,Shibpasha
2629,294,Kakailsao
2630,294,Ajmiriganj Sadar
2631,294,Badolpur
2632,294,Jolsuka
2633,295,Baniachong North East
2634,295,Baniachong North West
2635,295,Baniachong South East
2636,295,Baniachong South West
2637,295,Daulatpur
2638,295,Khagaura
2639,295,Baraiuri
2640,295,Kagapasha
2641,295,Pukra
2642,295,Subidpur
2643,295,Makrampur
2644,295,Sujatpur
2645,295,Mandari
2646,295,Muradpur
2647,295,Pailarkandi
2648,296,Lakhai
2649,296,Murakari
2650,296,Muriauk
2651,296,Bamoi
2652,296,Karab
2653,296,Bulla
2654,297,Gazipur
2655,297,Ahammadabad
2656,297,Deorgach
2657,297,Paikpara
2658,297,Shankhala
2659,297,Chunarughat
2660,297,Ubahata
2661,297,Shatiajuri
2662,297,Ranigaon
2663,297,Mirashi
2664,298,Lukra
2665,298,Richi
2666,298,Teghoria
2667,298,Poil
2668,298,Gopaya
2669,298,Rajiura
2670,298,Nurpur
2671,298,Shayestaganj
2672,298,Nijampur
2673,298,Laskerpur
2674,299,Dharmaghar
2675,299,Choumohani
2676,299,Bahara
2677,299,Adaoir
2678,299,Andiura
2679,299,Shahjahanpur
2680,299,Jagadishpur
2681,299,Bulla
2682,299,Noapara
2683,299,Chhatiain
2684,299,Bagashura
2685,300,Jahangirnagar
2686,300,Rangarchar
2687,300,Aptabnagar
2688,300,Gourarang
2689,300,Mollapara
2690,300,Laxmansree
2691,300,Kathair
2692,300,Surma
2693,300,Mohonpur
2694,301,Shimulbak
2695,301,Paschim Pagla
2696,301,Joykalash
2697,301,Purba Pagla
2698,301,Patharia
2699,301,Purba Birgaon
2700,301,Dargapasha
2701,301,Paschim Birgaon
2702,302,Palash
2703,302,Solukabad
2704,302,Dhanpur
2705,302,Badaghat South
2706,302,Fatepur
2707,303,Islampur
2708,303,Noarai
2709,303,Chhatak Sadar
2710,303,Kalaruka
2711,303,Gobindganj-Syedergaon
2712,303,Chhaila Afjalabad
2713,303,Khurma North
2714,303,Khurma South
2715,303,Chormohalla
2716,303,Jauwabazar
2717,303,Singchapair
2718,303,Dolarbazar
2719,303,Bhatgaon
2720,304,Kolkolia
2721,304,Patli
2722,304,Mirpur
2723,304,Chilaura Holdipur
2724,304,Raniganj
2725,304,Syedpur Shaharpara
2726,304,Asharkandi
2727,304,Pailgaon
2728,305,Banglabazar
2729,305,Norsingpur
2730,305,Dowarabazar
2731,305,Mannargaon
2732,305,Pandargaon
2733,305,Dohalia
2734,305,Laxmipur
2735,305,Boglabazar
2736,305,Surma
2737,306,Sreepur North
2738,306,Sreepur South
2739,306,Bordal South
2740,306,Bordal North
2741,306,Badaghat
2742,306,Tahirpur Sadar
2743,306,Balijuri
2744,307,Bongshikunda North
2745,307,Bongshikunda South
2746,307,Chamordani
2747,307,Madhyanagar
2748,307,Paikurati
2749,307,Selbarash
2750,307,Dharmapasha Sadar
2751,307,Joyasree
2752,307,Sukhair Rajapur North
2753,307,Sukhair Rajapur South
2754,308,Beheli
2755,308,Sachnabazar
2756,308,Bhimkhali
2757,308,Fenerbak
2758,308,Jamalganj Sadar
2759,309,Atgaon
2760,309,Habibpur
2761,309,Bahara
2762,309,Shalla Sadar
2763,310,Rafinagar
2764,310,Bhatipara
2765,310,Rajanagar
2766,310,Charnarchar
2767,310,Derai Sarmangal
2768,310,Karimpur
2769,310,Jagddol
2770,310,Taral
2771,310,Kulanj
2772,311,Amlaba
2773,311,Bajnaba
2774,311,Belabo
2775,311,Binnabayd
2776,311,Charuzilab
2777,311,Naraynpur
2778,311,Sallabad
2779,311,Patuli
2780,311,Diara
2781,312,Barachapa
2782,312,Chalakchar
2783,312,Charmandalia
2784,312,Ekduaria
2785,312,Gotashia
2786,312,Kanchikata
2787,312,Khidirpur
2788,312,Shukundi
2789,312,Dawlatpur
2790,312,Krisnopur
2791,312,Labutala
2792,312,Chandanbari
2793,313,Alokbali
2794,313,Chardighaldi
2795,313,Chinishpur
2796,313,Hajipur
2797,313,Karimpur
2798,313,Khathalia
2799,313,Nuralapur
2800,313,Mahishasura
2801,313,Meherpara
2802,313,Nazarpur
2803,313,Paikarchar
2804,313,Panchdona
2805,313,Silmandi
2806,313,Amdia
2807,314,Danga
2808,314,Charsindur
2809,314,Jinardi
2810,314,Gazaria
2811,315,Chanpur
2812,315,Alipura
2813,315,Amirganj
2814,315,Adiabad
2815,315,Banshgari
2816,315,Chanderkandi
2817,315,Chararalia
2818,315,Charmadhua
2819,315,Charsubuddi
2820,315,Daukarchar
2821,315,Hairmara
2822,315,Maheshpur
2823,315,Mirzanagar
2824,315,Mirzarchar
2825,315,Nilakhya
2826,315,Palashtali
2827,315,Paratali
2828,315,Sreenagar
2829,315,Roypura
2830,315,Musapur
2831,315,Uttar Bakharnagar
2832,315,Marjal
2833,316,Dulalpur
2834,316,Joynagar
2835,316,Sadharchar
2836,316,Masimpur
2837,316,Chakradha
2838,316,Joshar
2839,316,Baghabo
2840,316,Ayubpur
2841,316,Putia
2842,317,Bahadursadi
2843,317,Baktarpur
2844,317,Jamalpurnew
2845,317,Jangalia
2846,317,Moktarpur
2847,317,Nagari
2848,317,Tumulia
2849,318,Atabaha
2850,318,Boali
2851,318,Chapair
2852,318,Dhaliora
2853,318,Fulbaria
2854,318,Madhyapara
2855,318,Mouchak
2856,318,Sutrapur
2857,318,Srifaltali
2858,319,Barishaba
2859,319,Ghagotia
2860,319,Kapasia
2861,319,Chandpur
2862,319,Targoan
2863,319,Karihata
2864,319,Tokh
2865,319,Sinhasree
2866,319,Durgapur
2867,319,Sonmania
2868,319,Rayed
2869,320,Baria
2870,320,Basan
2871,320,Gachha
2872,320,Kashimpur
2873,320,Kayaltia
2874,320,Konabari
2875,320,Mirzapur
2876,320,Pubail
2877,321,Barmi
2878,321,Gazipur
2879,321,Gosinga
2880,321,Maona
2881,321,Kaoraid
2882,321,Prahladpur
2883,321,Rajabari
2884,321,Telihati
2885,322,Binodpur
2886,322,Tulasar
2887,322,Palong
2888,322,Domshar
2889,322,Rudrakar
2890,322,Angaria
2891,322,Chitolia
2892,322,Mahmudpur
2893,322,Chikondi
2894,322,Chandrapur
2895,322,Shulpara
2896,323,Kedarpur
2897,323,Dingamanik
2898,323,Garishar
2899,323,Nowpara
2900,323,Moktererchar
2901,323,Charatra
2902,323,Rajnagar
2903,323,Japsa
2904,323,Vojeshwar
2905,323,Fategongpur
2906,323,Bijari
2907,323,Vumkhara
2908,323,Nashason
2909,324,Zajira Sadar
2910,324,Mulna
2911,324,Barokandi
2912,324,Bilaspur
2913,324,Kundarchar
2914,324,Palerchar
2915,324,Purba Nawdoba
2916,324,Nawdoba
2917,324,Shenerchar
2918,324,Bknagar
2919,324,Barogopalpur
2920,324,Jaynagor
2921,325,Nager Para
2922,325,Alaolpur
2923,325,Kodalpur
2924,325,Goshairhat
2925,325,Edilpur
2926,325,Nalmuri
2927,325,Samontasar
2928,325,Kuchipatti
2929,326,Ramvadrapur
2930,326,Mahisar
2931,326,Saygaon
2932,326,Narayanpur
2933,326,D.M Khali
2934,326,Charkumaria
2935,326,Sakhipur
2936,326,Kachikata
2937,326,North Tarabunia
2938,326,Charvaga
2939,326,Arsinagar
2940,326,South Tarabunia
2941,326,Charsensas
2942,327,Shidulkura
2943,327,Kaneshar
2944,327,Purba Damudya
2945,327,Islampur
2946,327,Dankati
2947,327,Sidya
2948,327,Darulaman
2949,328,Satgram
2950,328,Duptara
2951,328,Brahammandi
2952,328,Fatepur
2953,328,Bishnandi
2954,328,Mahmudpur
2955,328,Highjadi
2956,328,Uchitpura
2957,328,Kalapaharia
2958,328,Kagkanda
2959,329,Musapur
2960,329,Modonpur
2961,329,Bandar
2962,329,Dhamgar
2963,329,Kolagathia
2964,330,Alirtek
2965,330,Kashipur
2966,330,Kutubpur
2967,330,Gognagar
2968,330,Baktaboli
2969,330,Enayetnagor
2970,331,Murapara
2971,331,Bhulta
2972,331,Golakandail
2973,331,Daudpur
2974,331,Rupganj
2975,331,Kayetpara
2976,331,Bholobo
2977,332,Pirojpur
2978,332,Shambhupura
2979,332,Mograpara
2980,332,Baidyerbazar
2981,332,Baradi
2982,332,Noagaon
2983,332,Jampur
2984,332,Sadipur
2985,332,Sonmandi
2986,332,Kanchpur
2987,333,Basail
2988,333,Kanchanpur
2989,333,Habla
2990,333,Kashil
2991,333,Fulki
2992,333,Kauljani
2993,334,Arjuna
2994,334,Gabshara
2995,334,Falda
2996,334,Gobindashi
2997,334,Aloa
2998,334,Nikrail
2999,335,Deuli
3000,335,Lauhati
3001,335,Patharail
3002,335,Delduar
3003,335,Fazilhati
3004,335,Elasin
3005,335,Atia
3006,335,Dubail
3007,336,Deulabari
3008,336,Ghatail
3009,336,Jamuria
3010,336,Lokerpara
3011,336,Anehola
3012,336,Dighalkandia
3013,336,Digar
3014,336,Deopara
3015,336,Sandhanpur
3016,336,Rasulpur
3017,336,Dhalapara
3018,337,Hadera
3019,337,Jhawail
3020,337,Nagdashimla
3021,337,Dhopakandi
3022,337,Alamnagor
3023,337,Hemnagor
3024,337,Mirzapur
3025,338,Alokdia
3026,338,Aushnara
3027,338,Aronkhola
3028,338,Sholakuri
3029,338,Golabari
3030,338,Mirjabari
3031,339,Mahera
3032,339,Jamurki
3033,339,Fatepur
3034,339,Banail
3035,339,Anaitara
3036,339,Warshi
3037,339,Bhatram
3038,339,Bahuria
3039,339,Gorai
3040,339,Ajgana
3041,339,Tarafpur
3042,339,Bastail
3043,339,Baora
3044,339,Latifpur
3045,340,Bharra
3046,340,Sahabathpur
3047,340,Goyhata
3048,340,Solimabad
3049,340,Nagorpur
3050,340,Mamudnagor
3051,340,Mokna
3052,340,Pakutia
3053,340,Bekrah Atgram
3054,340,Dhuburia
3055,340,Bhadra
3056,340,Doptior
3057,341,Kakrajan
3058,341,Gajaria
3059,341,Jaduppur
3060,341,Hatibandha
3061,341,Kalia
3062,341,Dariapur
3063,341,Kalmegha
3064,341,Baharatoil
3065,342,Mogra
3066,342,Gala
3067,342,Gharinda
3068,342,Karatia
3069,342,Silimpur
3070,342,Porabari
3071,342,Dyenna
3072,342,Baghil
3073,342,Kakua
3074,342,Hugra
3075,342,Katuli
3076,342,Mahamudnagar
3077,343,Durgapur
3078,343,Birbashinda
3079,343,Narandia
3080,343,Shahadebpur
3081,343,Kokdahara
3082,343,Balla
3083,343,Salla
3084,343,Nagbari
3085,343,Bangra
3086,343,Paikora
3087,343,Dashokia
3088,343,Parkhi
3089,343,Gohaliabari
3090,344,Dhopakhali
3091,344,Paiska
3092,344,Mushuddi
3093,344,Bolibodrow
3094,344,Birtara
3095,344,Baniajan
3096,344,Jadunathpur
3097,345,Chawganga
3098,345,Joysiddi
3099,345,Alonjori
3100,345,Badla
3101,345,Boribari
3102,345,Itna
3103,345,Mriga
3104,345,Dhonpur
3105,345,Raytoti
3106,346,Banagram
3107,346,Shahasram Dhuldia
3108,346,Kargaon
3109,346,Chandpur
3110,346,Mumurdia
3111,346,Acmita
3112,346,Mosua
3113,346,Lohajuree
3114,346,Jalalpur
3115,347,Sadekpur
3116,347,Aganagar
3117,347,Shimulkandi
3118,347,Gajaria
3119,347,Kalika Prashad
3120,347,Sreenagar
3121,347,Shibpur
3122,348,Taljanga
3123,348,Rauti
3124,348,Dhola
3125,348,Jawar
3126,348,Damiha
3127,348,Digdair
3128,348,Tarail-Sachail
3129,349,Jinari
3130,349,Gobindapur
3131,349,Sidhla
3132,349,Araibaria
3133,349,Sahedal
3134,349,Pumdi
3135,350,Jangalia
3136,350,Hosendi
3137,350,Narandi
3138,350,Shukhia
3139,350,Patuavabga
3140,350,Chandipasha
3141,350,Charfaradi
3142,350,Burudia
3143,350,Egarasindur
3144,350,Pakundia
3145,351,Ramdi
3146,351,Osmanpur
3147,351,Chhaysuti
3148,351,Salua
3149,351,Gobaria Abdullahpur
3150,351,Faridpur
3151,352,Rashidabad
3152,352,Latibabad
3153,352,Maizkhapan
3154,352,Mohinanda
3155,352,Joshodal
3156,352,Bowlai
3157,352,Binnati
3158,352,Maria
3159,352,Chowddoshata
3160,352,Karshakarial
3161,352,Danapatuli
3162,353,Kadirjangal
3163,353,Gujadia
3164,353,Kiraton
3165,353,Barogharia
3166,353,Niamatpur
3167,353,Dehunda
3168,353,Sutarpara
3169,353,Gunodhar
3170,353,Joyka
3171,353,Zafrabad
3172,353,Noabad
3173,354,Kailag
3174,354,Pirijpur
3175,354,Gazirchar
3176,354,Hilochia
3177,354,Maijchar9
3178,354,Homypur
3179,354,Halimpur
3180,354,Sararchar
3181,354,Dilalpur
3182,354,Dighirpar
3183,354,Boliardi
3184,355,Dewghar
3185,355,Kastul
3186,355,Austagram Sadar
3187,355,Bangalpara
3188,355,Kalma
3189,355,Adampur
3190,355,Khyerpur-Abdullahpur
3191,355,Purba Austagram
3192,356,Gopdighi
3193,356,Mithamoin
3194,356,Dhaki
3195,356,Ghagra
3196,356,Keoarjore
3197,356,Katkhal
3198,356,Bairati
3199,357,Chatirchar
3200,357,Guroi
3201,357,Jaraitala
3202,357,Nikli Sadar
3203,357,Karpasa
3204,357,Dampara
3205,357,Singpur
3206,358,Balla
3207,358,Gala
3208,358,Chala
3209,358,Blara
3210,358,Harukandi
3211,358,Baira
3212,358,Ramkrishnapur
3213,358,Gopinathpur
3214,358,Kanchanpur
3215,358,Lacharagonj
3216,358,Sutalorie
3217,358,Dhulsura
3218,358,Azimnagar
3219,359,Baried
3220,359,Dighulia
3221,359,Baliyati
3222,359,Dargram
3223,359,Tilli
3224,359,Hargaj
3225,359,Saturia
3226,359,Dhankora
3227,359,Fukurhati
3228,360,Betila-Mitara
3229,360,Jagir
3230,360,Atigram
3231,360,Dighi
3232,360,Putile
3233,360,Hatipara
3234,360,Vararia
3235,360,Nbogram
3236,360,Garpara
3237,360,Krishnapur
3238,361,Paila
3239,361,Shingzuri
3240,361,Baliyakhora
3241,361,Gior
3242,361,Bartia
3243,361,Baniazuri
3244,361,Nalee
3245,362,Teota
3246,362,Utholi
3247,362,Shibaloy
3248,362,Ulayel
3249,362,Aruoa
3250,362,Mohadebpur
3251,362,Shimulia
3252,363,Charkataree
3253,363,Bachamara
3254,363,Baghutia
3255,363,Zionpur
3256,363,Khalshi
3257,363,Chakmirpur
3258,363,Klia
3259,363,Dhamswar
3260,364,Buyra
3261,364,Talebpur
3262,364,Singiar
3263,364,Baldhara
3264,364,Zamsha
3265,364,Charigram
3266,364,Shayesta
3267,364,Joymonto
3268,364,Dhalla
3269,364,Jamirta
3270,364,Chandhar
3271,365,Savar
3272,365,Birulia
3273,365,Dhamsona
3274,365,Shimulia
3275,365,Ashulia
3276,365,Yearpur
3277,365,Vakurta
3278,365,Pathalia
3279,365,Bongaon
3280,365,Kaundia
3281,365,Tetuljhora
3282,365,Aminbazar
3283,366,Chauhat
3284,366,Amta
3285,366,Balia
3286,366,Jadabpur
3287,366,Baisakanda
3288,366,Kushura
3289,366,Gangutia
3290,366,Sanora
3291,366,Sutipara
3292,366,Sombhag
3293,366,Vararia
3294,366,Dhamrai
3295,366,Kulla
3296,366,Rowail
3297,366,Suapur
3298,366,Nannar
3299,367,Hazratpur
3300,367,Kalatia
3301,367,Taranagar
3302,367,Sakta
3303,367,Ruhitpur
3304,367,Basta
3305,367,Kalindi
3306,367,Zinzira
3307,367,Suvadda
3308,367,Taghoria
3309,367,Konda
3310,367,Aganagar
3311,368,Shikaripara
3312,368,Joykrishnapur
3313,368,Baruakhali
3314,368,Nayansree
3315,368,Sholla
3316,368,Jantrail
3317,368,Bandura
3318,368,Kalakopa
3319,368,Bakshanagar
3320,368,Barrah
3321,368,Kailail
3322,368,Agla
3323,368,Galimpur
3324,368,Churain
3325,369,Nayabari
3326,369,Kusumhathi
3327,369,Raipara
3328,369,Sutarpara
3329,369,Narisha
3330,369,Muksudpur
3331,369,Mahmudpur
3332,369,Bilaspur
3333,370,Rampal
3334,370,Panchashar
3335,370,Bajrajogini
3336,370,Mohakali
3337,370,Charkewar
3338,370,Mollakandi
3339,370,Adhara
3340,370,Shiloy
3341,370,Banglabazar
3342,371,Baraikhali
3343,371,Hashara
3344,371,Birtara
3345,371,Shologhor
3346,371,Sreenagar
3347,371,Patabhog
3348,371,Shamshiddi
3349,371,Kolapara
3350,371,Vaggakol
3351,371,Bagra
3352,371,Rarikhal
3353,371,Kukutia
3354,371,Atpara
3355,371,Tantor
3356,372,Chitracoat
3357,372,Sekhornagar
3358,372,Rajanagar
3359,372,Keyain
3360,372,Basail
3361,372,Baluchar
3362,372,Latabdi
3363,372,Rasunia
3364,372,Ichhapura
3365,372,Bairagadi
3366,372,Malkhanagar
3367,372,Madhypara
3368,372,Kola
3369,372,Joyinshar
3370,373,Medinimandal
3371,373,Kumarbhog
3372,373,Haldia
3373,373,Kanaksar
3374,373,Lohajang-Teotia
3375,373,Bejgaon
3376,373,Baultoli
3377,373,Khidirpara
3378,373,Gaodia
3379,373,Kalma
3380,374,Gajaria
3381,374,Baushia
3382,374,Vaberchar
3383,374,Baluakandi
3384,374,Tengarchar
3385,374,Hosendee
3386,374,Guagachia
3387,374,Imampur
3388,375,Betka
3389,375,Abdullapur
3390,375,Sonarong Tongibari
3391,375,Autshahi
3392,375,Arial Baligaon
3393,375,Dhipur
3394,375,Kathadia Shimolia
3395,375,Joslong
3396,375,Panchgaon
3397,375,Kamarkhara
3398,375,Hasailbanari
3399,375,Dighirpar
3400,376,Mijanpur
3401,376,Borat
3402,376,Chandoni
3403,376,Khangonj
3404,376,Banibaha
3405,376,Dadshee
3406,376,Mulghar
3407,376,Basantapur
3408,376,Khankhanapur
3409,376,Alipur
3410,376,Ramkantapur
3411,376,Shahidwahabpur
3412,376,Panchuria
3413,376,Sultanpur
3414,377,Doulatdia
3415,377,Debugram
3416,377,Uzancar
3417,377,Chotovakla
3418,378,Bahadurpur
3419,378,Habashpur
3420,378,Jashai
3421,378,Babupara
3422,378,Mourat
3423,378,Patta
3424,378,Sarisha
3425,378,Kalimahar
3426,378,Kasbamajhail
3427,378,Machhpara
3428,379,Islampur
3429,379,Baharpur
3430,379,Nawabpur
3431,379,Narua
3432,379,Baliakandi
3433,379,Janjal
3434,379,Jamalpur
3435,380,Kalukhali
3436,380,Ratandia
3437,380,Kalikapur
3438,380,Boalia
3439,380,Majbari
3440,380,Madapur
3441,380,Shawrail
3442,380,Mrigi
3443,381,Sirkhara
3444,381,Bahadurpur
3445,381,Kunia
3446,381,Peyarpur
3447,381,Kandua
3448,381,Mastofapur
3449,381,Dudkhali
3450,381,Kalikapur
3451,381,Chilarchar
3452,381,Panchkhola
3453,381,Ghatmajhi
3454,381,Jhaoudi
3455,381,Khoajpur
3456,381,Rasti
3457,381,Dhurail
3458,382,Shibchar
3459,382,Ditiyakhando
3460,382,Nilokhe
3461,382,Bandarkhola
3462,382,Charjanazat
3463,382,Madbarerchar
3464,382,Panchar
3465,382,Sannasirchar
3466,382,Kathalbari
3467,382,Kutubpur
3468,382,Kadirpur
3469,382,Vhandarikandi
3470,382,Bahertala South
3471,382,Baheratala North
3472,382,Baskandi
3473,382,Umedpur
3474,382,Vhadrasion
3475,382,Shiruail
3476,382,Dattapara
3477,383,Alinagar
3478,383,Baligram
3479,383,Basgari
3480,383,Chardoulatkhan
3481,383,Dashar
3482,383,Enayetnagor
3483,383,Gopalpur
3484,383,Koyaria
3485,383,Kazibakai
3486,383,Laxmipur
3487,383,Nabogram
3488,383,Ramjanpur
3489,383,Shahebrampur
3490,383,Shikarmongol
3491,384,Haridasdi-Mahendrodi
3492,384,Kadambari
3493,384,Bajitpur
3494,384,Amgram
3495,384,Rajoir
3496,384,Khaliya
3497,384,Ishibpur
3498,384,Badarpasa
3499,384,Kabirajpur
3500,384,Hosenpur
3501,384,Paikpara
3502,385,Jalalabad
3503,385,Shuktail
3504,385,Chandradighalia
3505,385,Gopinathpur
3506,385,Paikkandi
3507,385,Urfi
3508,385,Lotifpur
3509,385,Satpar
3510,385,Sahapur
3511,385,Horidaspur
3512,385,Ulpur
3513,385,Nizra
3514,385,Karpara
3515,385,Durgapur
3516,385,Kajulia
3517,385,Majhigati
3518,385,Roghunathpur
3519,385,Gobra
3520,385,Borashi
3521,385,Kati
3522,385,Boultali
3523,386,Kashiani
3524,386,Hatiara
3525,386,Fukura
3526,386,Rajpat
3527,386,Bethuri
3528,386,Nijamkandi
3529,386,Sajail
3530,386,Mamudpur
3531,386,Maheshpur
3532,386,Orakandia
3533,386,Parulia
3534,386,Ratail
3535,386,Puisur
3536,386,Singa
3537,387,Kushli
3538,387,Gopalpur
3539,387,Patgati
3540,387,Borni
3541,387,Dumaria
3542,388,Sadullapur
3543,388,Ramshil
3544,388,Bandhabari
3545,388,Kolabari
3546,388,Kushla
3547,388,Amtoli
3548,388,Pinjuri
3549,388,Ghaghor
3550,388,Radhaganj
3551,388,Hiron
3552,388,Kandi
3553,389,Ujani
3554,389,Nanikhir
3555,389,Dignagar
3556,389,Poshargati
3557,389,Gobindopur
3558,389,Khandarpara
3559,389,Bohugram
3560,389,Banshbaria
3561,389,Vabrashur
3562,389,Moharajpur
3563,389,Batikamari
3564,389,Jalirpar
3565,389,Raghdi
3566,389,Gohala
3567,389,Mochna
3568,389,Kashalia
3569,390,Ishangopalpur
3570,390,Charmadbdia
3571,390,Aliabad
3572,390,Uttarchannel
3573,390,Decreerchar
3574,390,Majchar
3575,390,Krishnanagar
3576,390,Ambikapur
3577,390,Kanaipur
3578,390,Kaijuri
3579,390,Greda
3580,391,Buraich
3581,391,Alfadanga
3582,391,Tagarbanda
3583,391,Bana
3584,391,Panchuria
3585,391,Gopalpur
3586,392,Boalmari
3587,392,Dadpur
3588,392,Chatul
3589,392,Ghoshpur
3590,392,Gunbaha
3591,392,Chandpur
3592,392,Parameshwardi
3593,392,Satair
3594,392,Rupapat
3595,392,Shekhar
3596,392,Moyna
3597,393,Char Bisnopur
3598,393,Akoter Char
3599,393,Char Nasirpur
3600,393,Narikel Bariya
3601,393,Bhashanchar
3602,393,Krishnapur
3603,393,Sadarpur
3604,393,Char Manair
3605,393,Dhaukhali
3606,394,Charjashordi
3607,394,Purapara
3608,394,Laskardia
3609,394,Ramnagar
3610,394,Kaichail
3611,394,Talma
3612,394,Fulsuti
3613,394,Dangi
3614,394,Kodalia Shohidnagar
3615,395,Gharua
3616,395,Nurullagonj
3617,395,Manikdha
3618,395,Kawlibera
3619,395,Nasirabad
3620,395,Tujerpur
3621,395,Algi
3622,395,Chumurdi
3623,395,Kalamridha
3624,395,Azimnagor
3625,395,Chandra
3626,395,Hamirdi
3627,396,Gazirtek
3628,396,Char Bhadrasan
3629,396,Char Harirampur
3630,396,Char Jahukanda
3631,397,Madhukhali
3632,397,Jahapur
3633,397,Gazna
3634,397,Megchami
3635,397,Raipur
3636,397,Bagat
3637,397,Dumain
3638,397,Nowpara
3639,397,Kamarkhali
3640,398,Bhawal
3641,398,Atghar
3642,398,Mazadia
3643,398,Ballabhdi
3644,398,Gatti
3645,398,Jadunandi
3646,398,Ramkantapur
3647,398,Sonapur
3648,399,Panchagarh Sadar
3649,399,Satmara
3650,399,Amarkhana
3651,399,Haribhasa
3652,399,Chaklahat
3653,399,Hafizabad
3654,399,Kamat Kajol Dighi
3655,399,Dhakkamara
3656,399,Magura
3657,399,Garinabari
3658,400,Chilahati
3659,400,Shaldanga
3660,400,Debiganj Sadar
3661,400,Pamuli
3662,400,Sundardighi
3663,400,Sonahar Mollikadaha
3664,400,Tepriganj
3665,400,Dandopal
3666,400,Debiduba
3667,400,Chengthi Hazra Danga
3668,401,Jholaishal Shiri
3669,401,Moidandighi
3670,401,Banghari
3671,401,Kajoldighi Kaligonj
3672,401,Boroshoshi
3673,401,Chandanbari
3674,401,Marea Bamonhat
3675,401,Boda
3676,401,Sakoa
3677,401,Pachpir
3678,402,Mirgapur
3679,402,Radhanagar
3680,402,Toria
3681,402,Balarampur
3682,402,Alowakhowa
3683,402,Dhamor
3684,403,Banglabandha
3685,403,Bhojoanpur
3686,403,Bhojoanpur
3687,403,Buraburi
3688,403,Debnagar
3689,403,Salbahan
3690,403,Tentulia
3691,403,Timaihat
3692,404,Joypur
3693,404,Binodnagar
3694,404,Golapgonj
3695,404,Shalkhuria
3696,404,Putimara
3697,404,Bhaduria
3698,404,Daudpur
3699,404,Mahmudpur
3700,404,Kushdaha
3701,405,Shibrampur
3702,405,Polashbari
3703,405,Shatagram
3704,405,Paltapur
3705,405,Sujalpur
3706,405,Nijpara
3707,405,Mohammadpur
3708,405,Bhognagar
3709,405,Sator
3710,405,Mohonpur
3711,405,Moricha
3712,406,Bulakipur
3713,406,Palsha
3714,406,Singra
3715,406,Ghoraghat
3716,407,Mukundopur
3717,407,Katla
3718,407,Khanpur
3719,407,Dior
3720,407,Binail
3721,407,Jatbani
3722,407,Poliproyagpur
3723,408,Belaichandi
3724,408,Monmothopur
3725,408,Rampur
3726,408,Polashbari
3727,408,Chandipur
3728,408,Mominpur
3729,408,Mostofapur
3730,408,Habra
3731,408,Hamidpur
3732,408,Harirampur
3733,409,Nafanagar
3734,409,Eshania
3735,409,Atgaon
3736,409,Shatail
3737,409,Rongaon
3738,409,Murshidhat
3739,410,Dabor
3740,410,Rasulpur
3741,410,Mukundapur
3742,410,Targao
3743,410,Ramchandrapur
3744,410,Sundarpur
3745,411,Aloary
3746,411,Aladipur
3747,411,Kagihal
3748,411,Bethdighi
3749,411,Khairbari
3750,411,Daulatpur
3751,411,Shibnagor
3752,412,Chealgazi
3753,412,Sundorbon
3754,412,Fazilpur
3755,412,Shekpura
3756,412,Shashora
3757,412,Auliapur
3758,412,Uthrail
3759,412,Sankarpur
3760,412,Askorpur
3761,412,Kamalpur
3762,413,Alihat
3763,413,Khattamadobpara
3764,413,Boalder
3765,414,Alokjhari
3766,414,Bherbheri
3767,414,Angarpara
3768,414,Goaldihi
3769,414,Bhabki
3770,414,Khamarpara
3771,415,Azimpur
3772,415,Farakkabad
3773,415,Dhamoir
3774,415,Shohorgram
3775,415,Birol
3776,415,Bhandra
3777,415,Bijora
3778,415,Dharmapur
3779,415,Mongalpur
3780,415,Ranipukur
3781,415,Rajarampur
3782,416,Nashratpur
3783,416,Satnala
3784,416,Fatejangpur
3785,416,Isobpur
3786,416,Abdulpur
3787,416,Amarpur
3788,416,Auliapukur
3789,416,Saitara
3790,416,Viail
3791,416,Punotti
3792,416,Tetulia
3793,416,Alokdihi
3794,417,Rajpur
3795,417,Harati
3796,417,Mogolhat
3797,417,Gokunda
3798,417,Barobari
3799,417,Kulaghat
3800,417,Mohendranagar
3801,417,Khuniagachh
3802,417,Panchagram
3803,418,Bhotmari
3804,418,Modati
3805,418,Dologram
3806,418,Tushbhandar
3807,418,Goral
3808,418,Chondropur
3809,418,Cholbola
3810,418,Kakina
3811,419,Barokhata
3812,419,Goddimari
3813,419,Singimari
3814,419,Tongvhanga
3815,419,Sindurna
3816,419,Paticapara
3817,419,Nowdabas
3818,419,Gotamari
3819,419,Vhelaguri
3820,419,Shaniajan
3821,419,Fakirpara
3822,419,Dawabari
3823,420,Sreerampur
3824,420,Patgram
3825,420,Jagatber
3826,420,Kuchlibari
3827,420,Jongra
3828,420,Baura
3829,420,Dahagram
3830,420,Burimari
3831,421,Bhelabari
3832,421,Bhadai
3833,421,Kamlabari
3834,421,Durgapur
3835,421,Sarpukur
3836,421,Saptibari
3837,421,Palashi
3838,421,Mohishkhocha
3839,422,Kamarpukur
3840,422,Kasiram Belpukur
3841,422,Bangalipur
3842,422,Botlagari
3843,422,Khata Madhupur
3844,423,Gomnati
3845,423,Bhogdaburi
3846,423,Ketkibari
3847,423,Jorabari
3848,423,Bamunia
3849,423,Panga Motukpur
3850,423,Boragari
3851,423,Domar
3852,423,Sonaray
3853,423,Harinchara
3854,424,Paschim Chhatnay
3855,424,Balapara
3856,424,Dimla Sadar
3857,424,Khogakharibari
3858,424,Gayabari
3859,424,Noutara
3860,424,Khalisha Chapani
3861,424,Jhunagach Chapani
3862,424,Tepa Khribari
3863,424,Purba Chhatnay
3864,425,Douabari
3865,425,Golmunda
3866,425,Balagram
3867,425,Golna
3868,425,Dharmapal
3869,425,Simulbari
3870,425,Mirganj
3871,425,Kathali
3872,425,Khutamara
3873,425,Shaulmari
3874,425,Kaimari
3875,426,Barabhita
3876,426,Putimari
3877,426,Nitai
3878,426,Bahagili
3879,426,Chandkhana
3880,426,Kishoreganj
3881,426,Ranachandi
3882,426,Garagram
3883,426,Magura
3884,427,Chaora Bargacha
3885,427,Gorgram
3886,427,Khoksabari
3887,427,Palasbari
3888,427,Ramnagar
3889,427,Kachukata
3890,427,Panchapukur
3891,427,Itakhola
3892,427,Kundapukur
3893,427,Sonaray
3894,427,Songalsi
3895,427,Charaikhola
3896,427,Chapra Sarnjami
3897,427,Lakshmicha
3898,427,Tupamari
3899,428,Rasulpur
3900,428,Noldanga
3901,428,Damodorpur
3902,428,Jamalpur
3903,428,Faridpur
3904,428,Dhaperhat
3905,428,Idilpur
3906,428,Vatgram
3907,428,Bongram
3908,428,Kamarpara
3909,428,Khodkomor
3910,429,Laxmipur
3911,429,Malibari
3912,429,Kuptola
3913,429,Shahapara
3914,429,Ballamjhar
3915,429,Ramchandrapur
3916,429,Badiakhali
3917,429,Boali
3918,429,Ghagoa
3919,429,Gidari
3920,429,Kholahati
3921,429,Mollarchar
3922,429,Kamarjani
3923,430,Kishoregari
3924,430,Hosenpur
3925,430,Palashbari
3926,430,Barisal
3927,430,Mohdipur
3928,430,Betkapa
3929,430,Pobnapur
3930,430,Monohorpur
3931,430,Harinathpur
3932,431,Padumsahar
3933,431,Varotkhali
3934,431,Saghata
3935,431,Muktinagar
3936,431,Kachua
3937,431,Ghuridah
3938,431,Holdia
3939,431,Jumarbari
3940,431,Kamalerpara
3941,431,Bonarpara
3942,432,Kamdia
3943,432,Katabari
3944,432,Shakhahar
3945,432,Rajahar
3946,432,Sapmara
3947,432,Dorbosto
3948,432,Talukkanupur
3949,432,Nakai
3950,432,Harirampur
3951,432,Rakhalburuj
3952,432,Phulbari
3953,432,Gumaniganj
3954,432,Kamardoho
3955,432,Kochasahar
3956,432,Shibpur
3957,432,Mahimaganj
3958,432,Shalmara
3959,433,Bamondanga
3960,433,Sonaroy
3961,433,Tarapur
3962,433,Belka
3963,433,Dohbond
3964,433,Sorbanondo
3965,433,Ramjibon
3966,433,Dhopadanga
3967,433,Chaporhati
3968,433,Shantiram
3969,433,Konchibari
3970,433,Sreepur
3971,433,Chandipur
3972,433,Kapasia
3973,433,Haripur
3974,434,Kanchipara
3975,434,Uria
3976,434,Udakhali
3977,434,Gazaria
3978,434,Phulchari
3979,434,Erendabari
3980,434,Fazlupur
3981,435,Ruhea
3982,435,Akhanagar
3983,435,Ahcha
3984,435,Baragaon
3985,435,Balia
3986,435,Auliapur
3987,435,Chilarang
3988,435,Rahimanpur
3989,435,Roypur
3990,435,Jamalpur
3991,435,Mohammadpur
3992,435,Salandar
3993,435,Gareya
3994,435,Rajagaon
3995,435,Debipur
3996,435,Nargun
3997,435,Jagannathpur
3998,435,Sukhanpukhari
3999,435,Begunbari
4000,435,Ruhia Pashchim
4001,435,Dholarhat
4002,436,Bhomradaha
4003,436,Kosharaniganj
4004,436,Khangaon
4005,436,Saidpur
4006,436,Pirganj
4007,436,Hajipur
4008,436,Daulatpur
4009,436,Sengaon
4010,436,Jabarhat
4011,436,Bairchuna
4012,437,Dhormogarh
4013,437,Nekmorod
4014,437,Hosengaon
4015,437,Lehemba
4016,437,Bachor
4017,437,Kashipur
4018,437,Ratore
4019,437,Nonduar
4020,438,Gedura
4021,438,Amgaon
4022,438,Bakua
4023,438,Dangipara
4024,438,Haripur
4025,438,Bhaturia
4026,439,Paria
4027,439,Charol
4028,439,Dhontola
4029,439,Boropalashbari
4030,439,Duosuo
4031,439,Vanor
4032,439,Amjankhore
4033,439,Borobari
4034,440,Mominpur
4035,440,Horidebpur
4036,440,Uttam
4037,440,Porshuram
4038,440,Topodhan
4039,440,Satgara
4040,440,Rajendrapur
4041,440,Sadwapuskoroni
4042,440,Chandanpat
4043,440,Dorshona
4044,440,Tampat
4045,441,Betgari
4046,441,Kholeya
4047,441,Borobil
4048,441,Kolcondo
4049,441,Gongachora
4050,441,Gojoghonta
4051,441,Morneya
4052,441,Alambiditor
4053,441,Lakkhitari
4054,441,Nohali
4055,442,Kurshatara
4056,442,Alampur
4057,442,Soyar
4058,442,Ikorchali
4059,442,Hariarkuthi
4060,443,Radhanagar
4061,443,Gopinathpur
4062,443,Modhupur
4063,443,Kutubpur
4064,443,Bishnapur
4065,443,Kalupara
4066,443,Lohanipara
4067,443,Gopalpur
4068,443,Damodorpur
4069,443,Ramnathpurupb
4070,444,Khoragach
4071,444,Ranipukur
4072,444,Payrabond
4073,444,Vangni
4074,444,Balarhat
4075,444,Kafrikhal
4076,444,Latibpur
4077,444,Chengmari
4078,444,Moyenpur
4079,444,Baluya Masimpur
4080,444,Borobala
4081,444,Mirzapur
4082,444,Imadpur
4083,444,Milonpur
4084,444,Mgopalpur
4085,444,Durgapur
4086,444,Boro Hazratpur
4087,445,Chattracol
4088,445,Vendabari
4089,445,Borodargah
4090,445,Kumedpur
4091,445,Modankhali
4092,445,Tukuria
4093,445,Boro Alampur
4094,445,Raypur
4095,445,Pirgonj
4096,445,Shanerhat
4097,445,Mithipur
4098,445,Ramnathpur
4099,445,Chattra
4100,445,Kabilpur
4101,445,Pachgachi
4102,446,Sarai
4103,446,Balapara
4104,446,Shahidbag
4105,446,Haragach
4106,446,Tepamodhupur
4107,446,Kurshaupk
4108,447,Kollyani
4109,447,Parul
4110,447,Itakumari
4111,447,Saula
4112,447,Kandi
4113,447,Pirgacha
4114,447,Annodanagar
4115,447,Tambulpur
4116,447,Koikuri
4117,448,Holokhana
4118,448,Ghogadhoh
4119,448,Belgacha
4120,448,Mogolbasa
4121,448,Panchgachi
4122,448,Jatrapur
4123,448,Kanthalbari
4124,448,Bhogdanga
4125,449,Ramkhana
4126,449,Raigonj
4127,449,Bamondanga
4128,449,Berubari
4129,449,Sontaspur
4130,449,Hasnabad
4131,449,Newyashi
4132,449,Bhitorbond
4133,449,Kaligonj
4134,449,Noonkhawa
4135,449,Narayanpur
4136,449,Kedar
4137,449,Kachakata
4138,449,Bollobherkhas
4139,450,Pathordubi
4140,450,Shilkhuri
4141,450,Tilai
4142,450,Paikarchara
4143,450,Bhurungamari
4144,450,Joymonirhat
4145,450,Andharirjhar
4146,450,Char-Bhurungamari
4147,450,Bangasonahat
4148,450,Boldia
4149,451,Nawdanga
4150,451,Shimulbari
4151,451,Phulbari
4152,451,Baravita
4153,451,Bhangamor
4154,451,Kashipur
4155,452,Chinai
4156,452,Rajarhat
4157,452,Nazimkhan
4158,452,Gharialdanga
4159,452,Chakirpashar
4160,452,Biddanondo
4161,452,Umarmajid
4162,453,Daldalia
4163,453,Durgapur
4164,453,Pandul
4165,453,Buraburi
4166,453,Dharanibari
4167,453,Dhamsreni
4168,453,Gunaigas
4169,453,Bazra
4170,453,Tobockpur
4171,453,Hatia
4172,453,Begumgonj
4173,453,Shahabiar Alga
4174,453,Thetrai
4175,454,Ranigonj
4176,454,Nayarhat
4177,454,Thanahat
4178,454,Ramna
4179,454,Chilmari
4180,454,Austomirchar
4181,455,Dadevanga
4182,455,Shoulemari
4183,455,Bondober
4184,455,Rowmari
4185,455,Jadurchar
4186,456,Rajibpur
4187,456,Kodalkati
4188,456,Mohongonj
4189,457,Kamararchor
4190,457,Chorsherpur
4191,457,Bajitkhila
4192,457,Gajir Khamar
4193,457,Dhola
4194,457,Pakuriya
4195,457,Vatshala
4196,457,Losmonpur
4197,457,Rouha
4198,457,Kamariya
4199,457,Chor Mochoriya
4200,457,Chorpokhimari
4201,457,Betmari Ghughurakandi
4202,457,Balairchar
4203,458,Puraga
4204,458,Nonni
4205,458,Morichpuran
4206,458,Rajnogor
4207,458,Nayabil
4208,458,Ramchondrokura
4209,458,Kakorkandhi
4210,458,Nalitabari
4211,458,Juganiya
4212,458,Bagber
4213,458,Koloshpar
4214,458,Rupnarayankura
4215,459,Ranishimul
4216,459,Singabaruna
4217,459,Kakilakura
4218,459,Tatihati
4219,459,Gosaipur
4220,459,Sreebordi
4221,459,Bhelua
4222,459,Kharia Kazirchar
4223,459,Kurikahonia
4224,459,Garjaripa
4225,460,Gonopoddi
4226,460,Nokla
4227,460,Urpha
4228,460,Gourdwar
4229,460,Baneshwardi
4230,460,Pathakata
4231,460,Talki
4232,460,Choraustadhar
4233,460,Chandrakona
4234,461,Kansa
4235,461,Dansail
4236,461,Nolkura
4237,461,Gouripur
4238,461,Jhenaigati
4239,461,Hatibandha
4240,461,Malijhikanda
4241,462,Deukhola
4242,462,Naogaon
4243,462,Putijana
4244,462,Kushmail
4245,462,Fulbaria
4246,462,Bakta
4247,462,Rangamatia
4248,462,Enayetpur
4249,462,Kaladaha
4250,462,Radhakanai
4251,462,Asimpatuli
4252,462,Vobanipur
4253,462,Balian
4254,463,Dhanikhola
4255,463,Bailor
4256,463,Kanthal
4257,463,Kanihari
4258,463,Trishal
4259,463,Harirampur
4260,463,Sakhua
4261,463,Balipara
4262,463,Mokshapur
4263,463,Mathbari
4264,463,Amirabari
4265,463,Rampur
4266,464,Uthura
4267,464,Meduari
4268,464,Varadoba
4269,464,Dhitpur
4270,464,Dakatia
4271,464,Birunia
4272,464,Bhaluka
4273,464,Mallikbari
4274,464,Kachina
4275,464,Habirbari
4276,464,Rajoi
4277,465,Dulla
4278,465,Borogram
4279,465,Tarati
4280,465,Kumargata
4281,465,Basati
4282,465,Mankon
4283,465,Ghoga
4284,465,Daogaon
4285,465,Kashimpur
4286,465,Kheruajani
4287,466,Austadhar
4288,466,Bororchar
4289,466,Dapunia
4290,466,Aqua
4291,466,Khagdohor
4292,466,Charnilaxmia
4293,466,Kushtia
4294,466,Paranganj
4295,466,Sirta
4296,466,Char Ishwardia
4297,466,Ghagra
4298,466,Vabokhali
4299,466,Boyra
4300,467,Dakshin Maijpara
4301,467,Gamaritola
4302,467,Dhobaura
4303,467,Porakandulia
4304,467,Goatala
4305,467,Ghoshgaon
4306,467,Baghber
4307,468,Rambhadrapur
4308,468,Sondhara
4309,468,Vaitkandi
4310,468,Singheshwar
4311,468,Phulpur
4312,474,Banihala
4313,474,Biska
4314,468,Baola
4315,468,Payari
4316,468,Balia
4317,468,Rahimganj
4318,474,Balikha
4319,474,Kakni
4320,474,Dhakua
4321,468,Rupasi
4322,474,Tarakanda
4323,474,Galagaon
4324,474,Kamargaon
4325,474,Kamaria
4326,474,Rampur
4327,469,Bhubankura
4328,469,Jugli
4329,469,Kaichapur
4330,469,Haluaghat
4331,469,Gazirbhita
4332,469,Bildora
4333,469,Sakuai
4334,469,Narail
4335,469,Dhara
4336,469,Dhurail
4337,469,Amtoil
4338,469,Swadeshi
4339,470,Sahanati
4340,470,Achintapur
4341,470,Mailakanda
4342,470,Bokainagar
4343,470,Gouripur
4344,470,Maoha
4345,470,Ramgopalpur
4346,470,Douhakhola
4347,470,Bhangnamari
4348,470,Sidhla
4349,471,Rasulpur
4350,471,Barobaria
4351,471,Charalgi
4352,471,Saltia
4353,471,Raona
4354,471,Longair
4355,471,Paithol
4356,471,Gafargaon
4357,471,Josora
4358,471,Moshakhali
4359,471,Panchbagh
4360,471,Usthi
4361,471,Dotterbazar
4362,471,Niguari
4363,471,Tangabo
4364,472,Iswarganj
4365,472,Sarisha
4366,472,Sohagi
4367,472,Atharabari
4368,472,Rajibpur
4369,472,Maijbagh
4370,472,Magtula
4371,472,Jatia
4372,472,Uchakhila
4373,472,Tarundia
4374,472,Barahit
4375,473,Batagoir
4376,473,Nandail
4377,473,Chandipasha
4378,473,Gangail
4379,473,Rajgati
4380,473,Muajjempur
4381,473,Sherpur
4382,473,Singroil
4383,473,Achargaon
4384,473,Mushulli
4385,473,Kharua
4386,473,Jahangirpur
4387,475,Kendua
4388,475,Sharifpur
4389,475,Laxirchar
4390,475,Tolshirchar
4391,475,Itail
4392,475,Narundi
4393,475,Ghorada
4394,475,Bashchara
4395,475,Ranagacha
4396,475,Sheepur
4397,475,Shahbajpur
4398,475,Titpalla
4399,475,Mesta
4400,475,Digpait
4401,475,Rashidpur
4402,476,Durmot
4403,476,Kulia
4404,476,Mahmudpur
4405,476,Nangla
4406,476,Nayanagar
4407,476,Adra
4408,476,Charbani Pakuria
4409,476,Fulkucha
4410,476,Ghuserpara
4411,476,Jhaugara
4412,476,Shuampur
4413,477,Kulkandi
4414,477,Belghacha
4415,477,Chinaduli
4416,477,Shapdari
4417,477,Noarpara
4418,477,Islampur
4419,477,Partharshi
4420,477,Palabandha
4421,477,Gualerchar
4422,477,Gaibandha
4423,477,Charputimari
4424,477,Chargualini
4425,478,Dungdhara
4426,478,Char Amkhawa
4427,478,Parram Rampur
4428,478,Hatibanga
4429,478,Bahadurabad
4430,478,Chikajani
4431,478,Chukaibari
4432,478,Dewangonj
4433,479,Satpoa
4434,479,Pogaldigha
4435,479,Doail
4436,479,Aona
4437,479,Pingna
4438,479,Bhatara
4439,479,Kamrabad
4440,479,Mahadan
4441,480,Char Pakerdah
4442,480,Karaichara
4443,480,Gunaritala
4444,480,Balijuri
4445,480,Jorekhali
4446,480,Adarvita
4447,480,Sidhuli
4448,481,Danua
4449,481,Bagarchar
4450,481,Battajore
4451,481,Shadurpara
4452,481,Bakshigonj
4453,481,Nilakhia
4454,481,Merurchar
4455,482,Asma
4456,482,Chhiram
4457,482,Baushi
4458,482,Barhatta
4459,482,Raypur
4460,482,Sahata
4461,482,Singdha
4462,483,Durgapur
4463,483,Kakoirgora
4464,483,Kullagora
4465,483,Chandigarh
4466,483,Birisiri
4467,483,Bakaljora
4468,483,Gawkandia
4469,484,Asujia
4470,484,Dalpa
4471,484,Goraduba
4472,484,Gonda
4473,484,Sandikona
4474,484,Maska
4475,484,Bolaishimul
4476,484,Noapara
4477,484,Kandiura
4478,484,Chirang
4479,484,Roailbari Amtala
4480,484,Paikura
4481,484,Muzafarpur
4482,485,Shormushia
4483,485,Shunoi
4484,485,Lunesshor
4485,485,Baniyajan
4486,485,Teligati
4487,485,Duoj
4488,485,Sukhari
4489,486,Fathepur
4490,486,Nayekpur
4491,486,Teosree
4492,486,Magan
4493,486,Gobindasree
4494,486,Madan
4495,486,Chandgaw
4496,486,Kytail
4497,487,Krishnapur
4498,487,Nogor
4499,487,Chakua
4500,487,Khaliajuri
4501,487,Mendipur
4502,487,Gazipur
4503,488,Koilati
4504,488,Najirpur
4505,488,Pogla
4506,488,Kolmakanda
4507,488,Rongchati
4508,488,Lengura
4509,488,Borokhapon
4510,488,Kharnoi
4511,489,Borokashia Birampur
4512,489,Borotoli Banihari
4513,489,Tetulia
4514,489,Maghan Siadar
4515,489,Somaj Sohildeo
4516,489,Suair
4517,489,Gaglajur
4518,490,Khalishaur
4519,490,Ghagra
4520,490,Jaria
4521,490,Narandia
4522,490,Bishkakuni
4523,490,Bairaty
4524,490,Hogla
4525,490,Gohalakanda
4526,490,Dhalamulgaon
4527,490,Agia
4528,490,Purbadhala
4529,491,Chollisha
4530,491,Kailati
4531,491,Dokkhin Bishiura
4532,491,Modonpur
4533,491,Amtola
4534,491,Lokkhiganj
4535,491,Singher Bangla
4536,491,Thakurakona
4537,491,Mougati
4538,491,Rouha
4539,491,Medni
4540,491,Kaliara Babragati